"","Feature_name","OTU","variable","value","Relative_IDs","IDs"
"484","0","Eukaryota_Metazoa_Chordata_Craniata_Vertebrata_Euteleostomi_","109_Apolemia_372_205_S2_L001",16,NA,NA
"590","0","Eukaryota_Metazoa_Chordata_Craniata_Vertebrata_Euteleostomi_","109_Apolemia_372_205_S2_L001",18,NA,NA
"690","0","Eukaryota_Metazoa_Ecdysozoa_Arthropoda_Chelicerata_Arachnida_","109_Apolemia_372_205_S2_L001",7,NA,NA
"816","0","Eukaryota_Metazoa_Ecdysozoa_Arthropoda_Hexapoda_Insecta_","110_Vogtia_360_217_S3_L001",32,NA,NA
"826","0","Eukaryota_Metazoa_Ecdysozoa_Arthropoda_Hexapoda_Insecta_","110_Vogtia_360_217_S3_L001",23,NA,NA
"1194","0","Eukaryota_Metazoa_Ecdysozoa_Arthropoda_Hexapoda_Insecta_","111_Forskalia_348_229_S4_L001",86,NA,NA
"1204","0","Eukaryota_Metazoa_Ecdysozoa_Arthropoda_Hexapoda_Insecta_","111_Forskalia_348_229_S4_L001",70,NA,NA
"5684","0","Eukaryota_Metazoa_Ecdysozoa_Arthropoda_Crustacea_Malacostraca_Eumalacostraca","123_Diphyes_299_278_S16_L001",1423,NA,NA
"5685","0","Eukaryota_Metazoa_Ecdysozoa_Arthropoda_Crustacea_Malacostraca_Eumalacostraca","123_Diphyes_299_278_S16_L001",1376,NA,NA
"14384","0","Eukaryota_Metazoa_Chordata_Craniata_Vertebrata_Euteleostomi_Actinopterygii","162_Physalia_308_269_S39_L001",201,NA,NA
"14386","0","Eukaryota_Metazoa_Chordata_Craniata_Vertebrata_Euteleostomi_Actinopterygii","162_Physalia_308_269_S39_L001",220,NA,NA
"14848","0","Eukaryota_Metazoa_Chordata_Craniata_Vertebrata_Euteleostomi_","165_Physalia_296_281_S40_L001",10,NA,NA
"15140","0","Eukaryota_Metazoa_Chordata_Craniata_Vertebrata_Euteleostomi_Actinopterygii","166_Physalia_379_198_S41_L001",48,NA,NA
"15142","0","Eukaryota_Metazoa_Chordata_Craniata_Vertebrata_Euteleostomi_Actinopterygii","166_Physalia_379_198_S41_L001",70,NA,NA
"15191","0","Eukaryota_Metazoa_Lophotrochozoa_Mollusca_Gastropoda_Caenogastropoda_Hypsogastropoda","166_Physalia_379_198_S41_L001",92,NA,NA
"15196","0","Eukaryota_Metazoa_Lophotrochozoa_Mollusca_Gastropoda_Caenogastropoda_Hypsogastropoda","166_Physalia_379_198_S41_L001",88,NA,NA
"15461","0","Eukaryota_Metazoa_Platyhelminthes_Trematoda_Digenea_Azygiida_Hemiuroidea","166_Physalia_379_198_S41_L001",5,NA,NA
"15523","0","Eukaryota_Metazoa_Chordata_Craniata_Vertebrata_Euteleostomi_","167_Physalia_367_210_S42_L001",612,NA,NA
"15526","0","Eukaryota_Metazoa_Chordata_Craniata_Vertebrata_Euteleostomi_","167_Physalia_367_210_S42_L001",463,NA,NA
"15889","0","Eukaryota_Metazoa_Ecdysozoa_Arthropoda_Crustacea_Malacostraca_Eumalacostraca","169_Physalia_355_222_S43_L001",1958,NA,NA
"15892","0","Eukaryota_Metazoa_Ecdysozoa_Arthropoda_Crustacea_Malacostraca_Eumalacostraca","169_Physalia_355_222_S43_L001",1247,NA,NA
"15896","0","Eukaryota_Metazoa_Chordata_Craniata_Vertebrata_Euteleostomi_Actinopterygii","169_Physalia_355_222_S43_L001",515,NA,NA
"15897","0","Eukaryota_Metazoa_Platyhelminthes_Trematoda_Digenea_Azygiida_Hemiuroidea","169_Physalia_355_222_S43_L001",734,NA,NA
"15898","0","Eukaryota_Metazoa_Chordata_Craniata_Vertebrata_Euteleostomi_Actinopterygii","169_Physalia_355_222_S43_L001",437,NA,NA
"15899","0","Eukaryota_Metazoa_Platyhelminthes_Trematoda_Digenea_Azygiida_Hemiuroidea","169_Physalia_355_222_S43_L001",689,NA,NA
"15900","0","Eukaryota_Metazoa_Ecdysozoa_Arthropoda_Crustacea_Malacostraca_Eumalacostraca","169_Physalia_355_222_S43_L001",669,NA,NA
"15901","0","Eukaryota_Metazoa_Chordata_Craniata_Vertebrata_Euteleostomi_","169_Physalia_355_222_S43_L001",17,NA,NA
"15905","0","Eukaryota_Metazoa_Ecdysozoa_Arthropoda_Crustacea_Malacostraca_Eumalacostraca","169_Physalia_355_222_S43_L001",500,NA,NA
"15945","0","Eukaryota_Metazoa_Ecdysozoa_Arthropoda_Crustacea_Malacostraca_Eumalacostraca","169_Physalia_355_222_S43_L001",104,NA,NA
"15964","0","Eukaryota_Metazoa_Ecdysozoa_Arthropoda_Crustacea_Malacostraca_Eumalacostraca","169_Physalia_355_222_S43_L001",67,NA,NA
"15982","0","Eukaryota_Metazoa_Chordata_Craniata_Vertebrata_Euteleostomi_","169_Physalia_355_222_S43_L001",27,NA,NA
"15993","0","Eukaryota_Metazoa_Ecdysozoa_Arthropoda_Crustacea_Malacostraca_Eumalacostraca","169_Physalia_355_222_S43_L001",48,NA,NA
"16022","0","Eukaryota_Metazoa_Ecdysozoa_Arthropoda_Crustacea_Malacostraca_Eumalacostraca","169_Physalia_355_222_S43_L001",40,NA,NA
"16146","0","Eukaryota_Metazoa_Ecdysozoa_Arthropoda_Chelicerata_Arachnida_","169_Physalia_355_222_S43_L001",10,NA,NA
"16279","0","Eukaryota_Metazoa_Chordata_Craniata_Vertebrata_Euteleostomi_","170_Physalia_343_234_S44_L001",39,NA,NA
"16282","0","Eukaryota_Metazoa_Chordata_Craniata_Vertebrata_Euteleostomi_","170_Physalia_343_234_S44_L001",52,NA,NA
"6901","0","Eukaryota_Metazoa_Ecdysozoa_Arthropoda_Chelicerata_Arachnida_","109_Apolemia_372_205_S2_L001",7,NA,NA
"752","0","Eukaryota_Metazoa_Ecdysozoa_Arthropoda_Crustacea_Maxillopoda_Copepoda","109_Apolemia_372_205_S2_L001",3,NA,NA
"8161","0","Eukaryota_Metazoa_Ecdysozoa_Arthropoda_Hexapoda_Insecta_","110_Vogtia_360_217_S3_L001",32,NA,NA
"8261","0","Eukaryota_Metazoa_Ecdysozoa_Arthropoda_Hexapoda_Insecta_","110_Vogtia_360_217_S3_L001",23,NA,NA
"1176","0","Eukaryota_Metazoa_Ecdysozoa_Arthropoda_Crustacea_Maxillopoda_Copepoda","111_Forskalia_348_229_S4_L001",218,NA,NA
"1178","0","Eukaryota_Metazoa_Ecdysozoa_Arthropoda_Crustacea_Maxillopoda_Copepoda","111_Forskalia_348_229_S4_L001",190,NA,NA
"11941","0","Eukaryota_Metazoa_Ecdysozoa_Arthropoda_Hexapoda_Insecta_","111_Forskalia_348_229_S4_L001",86,NA,NA
"12041","0","Eukaryota_Metazoa_Ecdysozoa_Arthropoda_Hexapoda_Insecta_","111_Forskalia_348_229_S4_L001",70,NA,NA
"4906","0","Eukaryota_Metazoa_Chordata_Tunicata_Appendicularia_Oikopleuridae_Megalocercus","120_Muggiaea_335_242_S13_L001",3,NA,NA
"56841","0","Eukaryota_Metazoa_Ecdysozoa_Arthropoda_Crustacea_Malacostraca_Eumalacostraca","123_Diphyes_299_278_S16_L001",1423,NA,NA
"56851","0","Eukaryota_Metazoa_Ecdysozoa_Arthropoda_Crustacea_Malacostraca_Eumalacostraca","123_Diphyes_299_278_S16_L001",1376,NA,NA
"143841","0","Eukaryota_Metazoa_Chordata_Craniata_Vertebrata_Euteleostomi_Actinopterygii","162_Physalia_308_269_S39_L001",201,NA,NA
"143861","0","Eukaryota_Metazoa_Chordata_Craniata_Vertebrata_Euteleostomi_Actinopterygii","162_Physalia_308_269_S39_L001",220,NA,NA
"151401","0","Eukaryota_Metazoa_Chordata_Craniata_Vertebrata_Euteleostomi_Actinopterygii","166_Physalia_379_198_S41_L001",48,NA,NA
"151421","0","Eukaryota_Metazoa_Chordata_Craniata_Vertebrata_Euteleostomi_Actinopterygii","166_Physalia_379_198_S41_L001",70,NA,NA
"151911","0","Eukaryota_Metazoa_Lophotrochozoa_Mollusca_Gastropoda_Caenogastropoda_Hypsogastropoda","166_Physalia_379_198_S41_L001",92,NA,NA
"151961","0","Eukaryota_Metazoa_Lophotrochozoa_Mollusca_Gastropoda_Caenogastropoda_Hypsogastropoda","166_Physalia_379_198_S41_L001",88,NA,NA
"154611","0","Eukaryota_Metazoa_Platyhelminthes_Trematoda_Digenea_Azygiida_Hemiuroidea","166_Physalia_379_198_S41_L001",5,NA,NA
"15495","0","Eukaryota_Metazoa_Chordata_Tunicata_Appendicularia_Oikopleuridae_","166_Physalia_379_198_S41_L001",3,NA,NA
"155231","0","Eukaryota_Metazoa_Chordata_Craniata_Vertebrata_Euteleostomi_","167_Physalia_367_210_S42_L001",612,NA,NA
"155261","0","Eukaryota_Metazoa_Chordata_Craniata_Vertebrata_Euteleostomi_","167_Physalia_367_210_S42_L001",463,NA,NA
"158891","0","Eukaryota_Metazoa_Ecdysozoa_Arthropoda_Crustacea_Malacostraca_Eumalacostraca","169_Physalia_355_222_S43_L001",1958,NA,NA
"158921","0","Eukaryota_Metazoa_Ecdysozoa_Arthropoda_Crustacea_Malacostraca_Eumalacostraca","169_Physalia_355_222_S43_L001",1247,NA,NA
"158961","0","Eukaryota_Metazoa_Chordata_Craniata_Vertebrata_Euteleostomi_Actinopterygii","169_Physalia_355_222_S43_L001",515,NA,NA
"158971","0","Eukaryota_Metazoa_Platyhelminthes_Trematoda_Digenea_Azygiida_Hemiuroidea","169_Physalia_355_222_S43_L001",734,NA,NA
"158981","0","Eukaryota_Metazoa_Chordata_Craniata_Vertebrata_Euteleostomi_Actinopterygii","169_Physalia_355_222_S43_L001",437,NA,NA
"158991","0","Eukaryota_Metazoa_Platyhelminthes_Trematoda_Digenea_Azygiida_Hemiuroidea","169_Physalia_355_222_S43_L001",689,NA,NA
"159001","0","Eukaryota_Metazoa_Ecdysozoa_Arthropoda_Crustacea_Malacostraca_Eumalacostraca","169_Physalia_355_222_S43_L001",669,NA,NA
"159011","0","Eukaryota_Metazoa_Chordata_Craniata_Vertebrata_Euteleostomi_","169_Physalia_355_222_S43_L001",17,NA,NA
"159051","0","Eukaryota_Metazoa_Ecdysozoa_Arthropoda_Crustacea_Malacostraca_Eumalacostraca","169_Physalia_355_222_S43_L001",500,NA,NA
"159451","0","Eukaryota_Metazoa_Ecdysozoa_Arthropoda_Crustacea_Malacostraca_Eumalacostraca","169_Physalia_355_222_S43_L001",104,NA,NA
"159641","0","Eukaryota_Metazoa_Ecdysozoa_Arthropoda_Crustacea_Malacostraca_Eumalacostraca","169_Physalia_355_222_S43_L001",67,NA,NA
"159931","0","Eukaryota_Metazoa_Ecdysozoa_Arthropoda","169_Physalia_355_222_S43_L001",48,NA,NA
"160221","0","Eukaryota_Metazoa_Ecdysozoa_Arthropoda","169_Physalia_355_222_S43_L001",40,NA,NA
"161461","0","Eukaryota_Metazoa_Ecdysozoa_Arthropoda_Chelicerata_Arachnida_","169_Physalia_355_222_S43_L001",10,NA,NA
"16208","0","Eukaryota_Metazoa_Chordata_Tunicata_Appendicularia_Oikopleuridae_Oikopleura","169_Physalia_355_222_S43_L001",6,NA,NA
"162791","0","Eukaryota_Metazoa_Chordata_Craniata_Vertebrata_Euteleostomi_","170_Physalia_343_234_S44_L001",39,NA,NA
"162821","0","Eukaryota_Metazoa_Chordata_Craniata_Vertebrata_Euteleostomi_","170_Physalia_343_234_S44_L001",52,NA,NA
"1718","319a7bbba9f71886dea2317cc37bfad7","Eukaryota_Metazoa_Ecdysozoa_Arthropoda_Hexapoda_Insecta_Pterygota_Neoptera_Endopterygota_Diptera","190_Eren_300_277_S8_L001",5,NA,NA
"2784","28238c43c06dd052a85247c68494dc7c","Eukaryota_Metazoa_Lophotrochozoa_Rotifera_Monogononta_Ploimida","203_Barg_323_254_S14_L001",7,NA,NA
"2834","b028f025b0ae9ada67fdd058f22dc0e8","Eukaryota_Metazoa_Lophotrochozoa_Rotifera_Monogononta_Ploimida","203_Barg_323_254_S14_L001",2,NA,NA
"4153","cc80f0c93e413e986c8a5a5e23ec85c3","Eukaryota_Metazoa_Ecdysozoa_Arthropoda_Crustacea_Malacostraca_Eumalacostraca_Eucarida_Decapoda_Dendrobranchiata","210_Lych_334_243_S21_L001",19289,NA,NA
"4154","48bf4b73e0d6081eac0f88c7d8532c93","Eukaryota_Metazoa_Ecdysozoa_Arthropoda_Crustacea_Malacostraca_Eumalacostraca_Eucarida_Decapoda_Dendrobranchiata","210_Lych_334_243_S21_L001",14550,NA,NA
"4379","3c390f50f21a004425a0c8b68d857552","Eukaryota_Metazoa_Ecdysozoa_Arthropoda_Crustacea_Malacostraca_Eumalacostraca_Eucarida_Euphausiacea_Euphausiidae","211_Apol_322_255_S22_L001",69,NA,NA
"4400","357fa098ba03896e8f04267f02bf7439","Eukaryota_Metazoa_Ecdysozoa_Arthropoda_Crustacea_Malacostraca_Eumalacostraca_Eucarida_Euphausiacea_Euphausiidae","211_Apol_322_255_S22_L001",79,NA,NA
"5904","a3cd8e32005d1c39fe56b921809993a9","Eukaryota_Metazoa_Ecdysozoa_Arthropoda_Crustacea_Malacostraca_Eumalacostraca_Eucarida_Euphausiacea_Euphausiidae","218_Diph_333_244_S29_L001",30,NA,NA
"5905","3c390f50f21a004425a0c8b68d857552","Eukaryota_Metazoa_Ecdysozoa_Arthropoda_Crustacea_Malacostraca_Eumalacostraca_Eucarida_Euphausiacea_Euphausiidae","218_Diph_333_244_S29_L001",33,NA,NA
"7212","a3cd8e32005d1c39fe56b921809993a9","Eukaryota_Metazoa_Ecdysozoa_Arthropoda_Crustacea_Malacostraca_Eumalacostraca_Eucarida_Euphausiacea_Euphausiidae","225_Nano_344_233_S36_L001",7148,NA,NA
"7213","3c390f50f21a004425a0c8b68d857552","Eukaryota_Metazoa_Ecdysozoa_Arthropoda_Crustacea_Malacostraca_Eumalacostraca_Eucarida_Euphausiacea_Euphausiidae","225_Nano_344_233_S36_L001",6563,NA,NA
"7332","433e27b8729fb24732ad193783765d40","Eukaryota_Metazoa_Ecdysozoa_Arthropoda_Crustacea_Malacostraca_Eumalacostraca_Eucarida_Euphausiacea_Euphausiidae","225_Nano_344_233_S36_L001",11,NA,NA
"7357","28efe02c40956cab3b977b68d5d701c3","Eukaryota_Metazoa_Ecdysozoa_Arthropoda_Crustacea_Malacostraca_Eumalacostraca_Eucarida_Euphausiacea_Euphausiidae","225_Nano_344_233_S36_L001",8,NA,NA
"8361","7337516544f57ae2e90a739609e49305","Eukaryota_Metazoa_Ecdysozoa_Arthropoda_Crustacea_Maxillopoda_Copepoda","232_Barg_379_198_S41_L001",29,NA,NA
"8375","bd137377cb52116abed7ee77a15f3ff4","Eukaryota_Metazoa_Ecdysozoa_Arthropoda_Crustacea_Maxillopoda_Copepoda","232_Barg_379_198_S41_L001",21,NA,NA
"905","1583c61958dc2322032c87308f845a82","Eukaryota_Metazoa_Ecdysozoa_Arthropoda_Crustacea_Maxillopoda_Copepoda_Calanoida","186_Reso_336_241_S5_L001",141,NA,NA
"910","3719482f091c5cf57694b76be0956584","Eukaryota_Metazoa_Ecdysozoa_Arthropoda_Crustacea_Maxillopoda_Copepoda_Calanoida","186_Reso_336_241_S5_L001",103,NA,NA
"948","1fe35cf8c9fb3c545f7c3296f2d81ec9","Eukaryota_Metazoa_Ecdysozoa_Arthropoda_Crustacea_Maxillopoda_Copepoda_Calanoida_Clausocalanidae_Clausocalanus","186_Reso_336_241_S5_L001",30,NA,NA
"1353","1d86c642963416f71a9ef9aa2c0682ce","Eukaryota_Metazoa_Ecdysozoa_Arthropoda_Crustacea_Maxillopoda_Copepoda_Calanoida_Paracalanidae_Paracalanus","189_Barg_312_265_S7_L001",65,NA,NA
"1361","62197c31c64db236ec502c1887f08bcb","Eukaryota_Metazoa_Ecdysozoa_Arthropoda_Crustacea_Maxillopoda_Copepoda_Calanoida_Paracalanidae_Paracalanus","189_Barg_312_265_S7_L001",56,NA,NA
"17181","319a7bbba9f71886dea2317cc37bfad7","Eukaryota_Metazoa_Ecdysozoa_Arthropoda_Hexapoda_Insecta_Pterygota_Neoptera_Endopterygota_Diptera","190_Eren_300_277_S8_L001",5,NA,NA
"2576","5969bb56dcbab5b9ef8bd952e8f6fcc0","Eukaryota_Metazoa_Ecdysozoa_Arthropoda_Crustacea_Maxillopoda_Copepoda_Calanoida_Clausocalanidae_Clausocalanus","202_Apol_335_242_S13_L001",6,NA,NA
"27841","28238c43c06dd052a85247c68494dc7c","Eukaryota_Metazoa_Lophotrochozoa_Rotifera_Monogononta_Ploimida","203_Barg_323_254_S14_L001",7,NA,NA
"28341","b028f025b0ae9ada67fdd058f22dc0e8","Eukaryota_Metazoa_Lophotrochozoa_Rotifera_Monogononta_Ploimida","203_Barg_323_254_S14_L001",2,NA,NA
"41531","cc80f0c93e413e986c8a5a5e23ec85c3","Eukaryota_Metazoa_Ecdysozoa_Arthropoda_Crustacea_Malacostraca_Eumalacostraca_Eucarida_Decapoda_Dendrobranchiata","210_Lych_334_243_S21_L001",19289,NA,NA
"41541","48bf4b73e0d6081eac0f88c7d8532c93","Eukaryota_Metazoa_Ecdysozoa_Arthropoda_Crustacea_Malacostraca_Eumalacostraca_Eucarida_Decapoda_Dendrobranchiata","210_Lych_334_243_S21_L001",14550,NA,NA
"43791","3c390f50f21a004425a0c8b68d857552","Eukaryota_Metazoa_Ecdysozoa_Arthropoda_Crustacea_Malacostraca_Eumalacostraca_Eucarida_Euphausiacea_Euphausiidae","211_Apol_322_255_S22_L001",69,NA,NA
"44001","357fa098ba03896e8f04267f02bf7439","Eukaryota_Metazoa_Ecdysozoa_Arthropoda_Crustacea_Malacostraca_Eumalacostraca","211_Apol_322_255_S22_L001",79,NA,NA
"4509","e3a913eb0e7fa9bf2be5017a9575233f","Eukaryota_Metazoa_Ctenophora","211_Apol_322_255_S22_L001",9,NA,NA
"59041","a3cd8e32005d1c39fe56b921809993a9","Eukaryota_Metazoa_Ecdysozoa_Arthropoda_Crustacea_Malacostraca_Eumalacostraca_Eucarida_Euphausiacea_Euphausiidae","218_Diph_333_244_S29_L001",30,NA,NA
"59051","3c390f50f21a004425a0c8b68d857552","Eukaryota_Metazoa_Ecdysozoa_Arthropoda_Crustacea_Malacostraca_Eumalacostraca_Eucarida_Euphausiacea_Euphausiidae","218_Diph_333_244_S29_L001",33,NA,NA
"72121","a3cd8e32005d1c39fe56b921809993a9","Eukaryota_Metazoa_Ecdysozoa_Arthropoda_Crustacea_Malacostraca_Eumalacostraca_Eucarida_Euphausiacea_Euphausiidae","225_Nano_344_233_S36_L001",7148,NA,NA
"72131","3c390f50f21a004425a0c8b68d857552","Eukaryota_Metazoa_Ecdysozoa_Arthropoda_Crustacea_Malacostraca_Eumalacostraca_Eucarida_Euphausiacea_Euphausiidae","225_Nano_344_233_S36_L001",6563,NA,NA
"73321","433e27b8729fb24732ad193783765d40","Eukaryota_Metazoa_Ecdysozoa_Arthropoda_Crustacea_Malacostraca_Eumalacostraca","225_Nano_344_233_S36_L001",11,NA,NA
"73571","28efe02c40956cab3b977b68d5d701c3","Eukaryota_Metazoa_Ecdysozoa_Arthropoda_Crustacea_Malacostraca_Eumalacostraca_Eucarida","225_Nano_344_233_S36_L001",8,NA,NA
"83611","7337516544f57ae2e90a739609e49305","Eukaryota_Metazoa_Ecdysozoa_Arthropoda_Crustacea_Maxillopoda_Copepoda","232_Barg_379_198_S41_L001",29,NA,NA
"83751","bd137377cb52116abed7ee77a15f3ff4","Eukaryota_Metazoa_Ecdysozoa_Arthropoda_Crustacea_Maxillopoda_Copepoda","232_Barg_379_198_S41_L001",21,NA,NA
"263","039fc07a8d72906ceccfc70406bd90e2","Eukaryota_Metazoa_Lophotrochozoa_Rotifera_Bdelloidea","235bApol_331_246_S5_L001",7,"Eukaryota(91.11);Metazoa(91.11);Lophotrochozoa(72.92);Rotifera(72.92);Bdelloidea(72.92);unclassified Bdelloidea(36.54);environmental samples(36.54);uncultured bdelloid rotifer(36.54);","Eukaryota"
"274","7ea2c21f22cb9d661fe42df7e20bec49","Eukaryota_Metazoa_Platyhelminthes_Rhabditophora_Rhabdocoela_Neodalyellida_Dalyelliidae","235bApol_331_246_S5_L001",4,"Eukaryota(89.05);Metazoa(89.05);Platyhelminthes(89.05);Rhabditophora(89.05);Rhabdocoela(89.05);Neodalyellida(89.05);Dalyelliidae(89.05);Microdalyellia(36.43);Microdalyellia armigera(18.25);","Eukaryota"
"1270","9cdc64f105c7bca4092bcbe9d60554d7","Eukaryota_Metazoa_Ecdysozoa_Arthropoda_Crustacea_Malacostraca_Eumalacostraca_Peracarida_Mysidacea","257Apole_305_272_S23_L001",7,"Eukaryota(90.18);Metazoa(90.18);Ecdysozoa(90.18);Arthropoda(90.18);Crustacea(90.18);Malacostraca(90.18);Eumalacostraca(90.18);Peracarida(90.18);Mysidacea(90.18);Mysida(90.18);Mysidae(90.53);Mysinae(90.18);Calyptommini(36.29);Calyptomma(18.19);Calyptomma sp. ZMBM77827(18.19);","Eukaryota"
"1413","bc9a786d5f8d9d53418266a0cf194ebf","Eukaryota_Metazoa_Ecdysozoa_Arthropoda_Crustacea_Maxillopoda_Copepoda_Calanoida_","260Apole_364_213_S26_L001",99,"Eukaryota(89.68);Metazoa(89.68);Ecdysozoa(89.68);Arthropoda(89.68);Crustacea(89.68);Maxillopoda(89.68);Copepoda(89.68);Calanoida(89.68);Scolecitrichidae(36.26);Scaphocalanus(18.17);Scaphocalanus magnus(45.43);","Eukaryota"
"1414","4828b6a447373cfe596b2a9e927a4e4a","Eukaryota_Metazoa_Ecdysozoa_Arthropoda_Crustacea_Maxillopoda_Copepoda_Calanoida_","260Apole_364_213_S26_L001",70,"Eukaryota(89.68);Metazoa(89.68);Ecdysozoa(89.68);Arthropoda(89.68);Crustacea(89.68);Maxillopoda(89.68);Copepoda(89.68);Calanoida(89.68);Scolecitrichidae(36.26);Scaphocalanus(18.17);Scaphocalanus magnus(45.43);","Eukaryota"
"1531","fae478fd9325d8c84372c8320fe1bec8","Eukaryota_Metazoa_Ecdysozoa_Arthropoda_Crustacea_Maxillopoda_Copepoda_Calanoida_Scolecitrichidae","262Forsk_340_237_S28_L001",25,"Eukaryota(87.98);Metazoa(53.26);Ecdysozoa(53.26);Arthropoda(53.26);Crustacea(53.26);Maxillopoda(53.26);Copepoda(53.26);Calanoida(53.26);Scolecitrichidae(53.26);Scolecithricella(17.99);Scolecithricella longispinosa(89.98);","Eukaryota"
"1533","a76a44a4f8882a1b04400aa58008e366","Eukaryota_Metazoa_Ecdysozoa_Arthropoda_Crustacea_Maxillopoda_Copepoda_Calanoida_Scolecitrichidae","262Forsk_340_237_S28_L001",21,"Eukaryota(87.98);Metazoa(53.26);Ecdysozoa(53.26);Arthropoda(53.26);Crustacea(53.26);Maxillopoda(53.26);Copepoda(53.26);Calanoida(53.26);Scolecitrichidae(53.26);Scolecithricella(17.99);Scolecithricella longispinosa(89.98);","Eukaryota"
"2631","039fc07a8d72906ceccfc70406bd90e2","Eukaryota_Metazoa_Lophotrochozoa_Rotifera_Bdelloidea","235bApol_331_246_S5_L001",7,"Eukaryota(91.11);Metazoa(91.11);Lophotrochozoa(72.92);Rotifera(72.92);Bdelloidea(72.92);unclassified Bdelloidea(36.54);environmental samples(36.54);uncultured bdelloid rotifer(36.54);","Eukaryota"
"270","fed9b66ace939a0c38fc385b279b7a6c","Eukaryota_Metazoa_Chordata_Tunicata_Appendicularia_Oikopleuridae","235bApol_331_246_S5_L001",5,"Eukaryota(90.07);environmental samples(90.07);uncultured eukaryote(71.97);","Eukaryota"
"351","06a38157edb59e246a402279a306fe50","Eukaryota_Metazoa_Ecdysozoa_Arthropoda_Crustacea_Maxillopoda_Copepoda_Calanoida","241Lensi_307_270_S7_L001",26,"Eukaryota(90.86);Metazoa(54.69);Ecdysozoa(54.69);Arthropoda(54.69);Crustacea(54.69);Maxillopoda(54.69);Copepoda(54.69);Calanoida(54.69);Aetideidae(36.51);Gaetanus(18.25);Gaetanus variabilis(18.25);","Eukaryota"
"352","b497273a1033bf8f41da5e2e2da68c4f","Eukaryota_Metazoa_Ecdysozoa_Arthropoda_Crustacea_Maxillopoda_Copepoda_Calanoida","241Lensi_307_270_S7_L001",11,"Eukaryota(90.86);Metazoa(54.69);Ecdysozoa(54.69);Arthropoda(54.69);Crustacea(54.69);Maxillopoda(54.69);Copepoda(54.69);Calanoida(54.69);Aetideidae(36.51);Gaetanus(18.25);Gaetanus variabilis(18.25);","Eukaryota"
"1084","b18e194d44b1732d224daf19ba08b69c","Eukaryota_Metazoa_Ecdysozoa_Arthropoda_Crustacea_Maxillopoda_Copepoda_Calanoida_Metridinidae_Pleuromamma","254Chuni_341_236_S20_L001",24,"Eukaryota(91.04);Metazoa(36.51);Ecdysozoa(36.51);Arthropoda(36.51);Crustacea(36.51);Maxillopoda(36.51);Copepoda(36.51);Calanoida(36.51);Metridinidae(36.51);Gaussia(18.25);Gaussia princeps (18.25);","Eukaryota"
"1089","a2b5465ff6079232c2a56a855e4acf00","Eukaryota_Metazoa_Ecdysozoa_Arthropoda_Crustacea_Maxillopoda_Copepoda_Calanoida_Metridinidae_Pleuromamma","254Chuni_341_236_S20_L001",17,"Eukaryota(91.04);Metazoa(36.51);Ecdysozoa(36.51);Arthropoda(36.51);Crustacea(36.51);Maxillopoda(36.51);Copepoda(36.51);Calanoida(36.51);Metridinidae(36.51);Gaussia(18.25);Gaussia princeps (18.25);","Eukaryota"
"12701","9cdc64f105c7bca4092bcbe9d60554d7","Eukaryota_Metazoa_Ecdysozoa_Arthropoda_Crustacea_Malacostraca_Eumalacostraca_Peracarida_Mysidacea_Mysida_Mysidae_Mysinae","257Apole_305_272_S23_L001",7,"Eukaryota(90.18);Metazoa(90.18);Ecdysozoa(90.18);Arthropoda(90.18);Crustacea(90.18);Malacostraca(90.18);Eumalacostraca(90.18);Peracarida(90.18);Mysidacea(90.18);Mysida(90.18);Mysidae(90.53);Mysinae(90.18);Calyptommini(36.29);Calyptomma(18.19);Calyptomma sp. ZMBM77827(18.19);","Eukaryota"
"14131","bc9a786d5f8d9d53418266a0cf194ebf","Eukaryota_Metazoa_Ecdysozoa_Arthropoda_Crustacea_Maxillopoda_Copepoda_Calanoida_Scolecitrichidae_Scaphocalanus_Scaphocalanus magnus_","260Apole_364_213_S26_L001",99,"Eukaryota(89.68);Metazoa(89.68);Ecdysozoa(89.68);Arthropoda(89.68);Crustacea(89.68);Maxillopoda(89.68);Copepoda(89.68);Calanoida(89.68);Scolecitrichidae(36.26);Scaphocalanus(18.17);Scaphocalanus magnus(45.43);","Eukaryota"
"14141","4828b6a447373cfe596b2a9e927a4e4a","Eukaryota_Metazoa_Ecdysozoa_Arthropoda_Crustacea_Maxillopoda_Copepoda_Calanoida_Scolecitrichidae_Scaphocalanus_Scaphocalanus magnus_","260Apole_364_213_S26_L001",70,"Eukaryota(89.68);Metazoa(89.68);Ecdysozoa(89.68);Arthropoda(89.68);Crustacea(89.68);Maxillopoda(89.68);Copepoda(89.68);Calanoida(89.68);Scolecitrichidae(36.26);Scaphocalanus(18.17);Scaphocalanus magnus(45.43);","Eukaryota"
"1527","06a38157edb59e246a402279a306fe50","Eukaryota_Metazoa_Ecdysozoa_Arthropoda_Crustacea_Maxillopoda_Copepoda_Calanoida","262Forsk_340_237_S28_L001",44,"Eukaryota(90.86);Metazoa(54.69);Ecdysozoa(54.69);Arthropoda(54.69);Crustacea(54.69);Maxillopoda(54.69);Copepoda(54.69);Calanoida(54.69);Aetideidae(36.51);Gaetanus(18.25);Gaetanus variabilis(18.25);","Eukaryota"
"1528","b497273a1033bf8f41da5e2e2da68c4f","Eukaryota_Metazoa_Ecdysozoa_Arthropoda_Crustacea_Maxillopoda_Copepoda_Calanoida","262Forsk_340_237_S28_L001",40,"Eukaryota(90.86);Metazoa(54.69);Ecdysozoa(54.69);Arthropoda(54.69);Crustacea(54.69);Maxillopoda(54.69);Copepoda(54.69);Calanoida(54.69);Aetideidae(36.51);Gaetanus(18.25);Gaetanus variabilis(18.25);","Eukaryota"
"15311","fae478fd9325d8c84372c8320fe1bec8","Eukaryota_Metazoa_Ecdysozoa_Arthropoda_Crustacea_Maxillopoda_Copepoda_Calanoida_Scolecitrichidae_Scolecithricella_Scolecithricella longispinosa_","262Forsk_340_237_S28_L001",25,"Eukaryota(87.98);Metazoa(53.26);Ecdysozoa(53.26);Arthropoda(53.26);Crustacea(53.26);Maxillopoda(53.26);Copepoda(53.26);Calanoida(53.26);Scolecitrichidae(53.26);Scolecithricella(17.99);Scolecithricella longispinosa(89.98);","Eukaryota"
"15331","a76a44a4f8882a1b04400aa58008e366","Eukaryota_Metazoa_Ecdysozoa_Arthropoda_Crustacea_Maxillopoda_Copepoda_Calanoida_Scolecitrichidae_Scolecithricella_Scolecithricella longispinosa_","262Forsk_340_237_S28_L001",21,"Eukaryota(87.98);Metazoa(53.26);Ecdysozoa(53.26);Arthropoda(53.26);Crustacea(53.26);Maxillopoda(53.26);Copepoda(53.26);Calanoida(53.26);Scolecitrichidae(53.26);Scolecithricella(17.99);Scolecithricella longispinosa(89.98);","Eukaryota"
"97","0","Eukaryota_Metazoa_Lophotrochozoa_Mollusca_Bivalvia","109_Apolemia_372_205_S2_L001",20,NA,NA
"98","0","Eukaryota_Metazoa_Lophotrochozoa_Mollusca_Bivalvia","109_Apolemia_372_205_S2_L001",15,NA,NA
"2107","0","Eukaryota_Metazoa_Chordata_Craniata_Vertebrata","167_Physalia_367_210_S42_L001",1313,NA,NA
"2109","0","Eukaryota_Metazoa_Chordata_Craniata_Vertebrata","167_Physalia_367_210_S42_L001",1033,NA,NA
"2150","0","Eukaryota_Metazoa_Ecdysozoa_Arthropoda_Crustacea_Malacostraca_Eumalacostraca","169_Physalia_355_222_S43_L001",4068,NA,NA
"2151","0","Eukaryota_Metazoa_Ecdysozoa_Arthropoda_Crustacea_Malacostraca_Eumalacostraca","169_Physalia_355_222_S43_L001",3877,NA,NA
"2158","0","Eukaryota_Metazoa_Chordata_Craniata_Vertebrata","169_Physalia_355_222_S43_L001",603,NA,NA
"2160","0","Eukaryota_Metazoa_Chordata_Craniata_Vertebrata","169_Physalia_355_222_S43_L001",624,NA,NA
"2163","0","Eukaryota_Metazoa_Ecdysozoa_Arthropoda_Crustacea_Malacostraca_Eumalacostraca","169_Physalia_355_222_S43_L001",698,NA,NA
"2209","0","Eukaryota_Metazoa_Chordata_Craniata_Vertebrata","170_Physalia_343_234_S44_L001",57,NA,NA
"2211","0","Eukaryota_Metazoa_Chordata_Craniata_Vertebrata","170_Physalia_343_234_S44_L001",50,NA,NA
"68","0","Eukaryota_Metazoa_Ecdysozoa_Arthropoda_Hexapoda_Insecta_Pterygota","109_Apolemia_372_205_S2_L001",1727,NA,NA
"971","0","Eukaryota_Metazoa_Lophotrochozoa_Mollusca_Bivalvia","109_Apolemia_372_205_S2_L001",20,NA,NA
"981","0","Eukaryota_Metazoa_Lophotrochozoa_Mollusca_Bivalvia","109_Apolemia_372_205_S2_L001",15,NA,NA
"435","0","Eukaryota_Metazoa_Ecdysozoa_Arthropoda_Crustacea_Maxillopoda_Copepoda","116_Nanomia_383_194_S9_L001",147,NA,NA
"436","8","Eukaryota_Metazoa_Ecdysozoa_Arthropoda_Crustacea_Maxillopoda_Copepoda","116_Nanomia_383_194_S9_L001",130,NA,NA
"21071","0","Eukaryota_Metazoa_Chordata_Craniata_Vertebrata","167_Physalia_367_210_S42_L001",1313,NA,NA
"21091","0","Eukaryota_Metazoa_Chordata_Craniata_Vertebrata","167_Physalia_367_210_S42_L001",1033,NA,NA
"21501","0","Eukaryota_Metazoa_Ecdysozoa_Arthropoda_Crustacea_Malacostraca_Eumalacostraca","169_Physalia_355_222_S43_L001",4068,NA,NA
"21511","0","Eukaryota_Metazoa_Ecdysozoa_Arthropoda_Crustacea_Malacostraca_Eumalacostraca","169_Physalia_355_222_S43_L001",3877,NA,NA
"21581","0","Eukaryota_Metazoa_Chordata_Craniata_Vertebrata","169_Physalia_355_222_S43_L001",603,NA,NA
"21601","0","Eukaryota_Metazoa_Chordata_Craniata_Vertebrata","169_Physalia_355_222_S43_L001",624,NA,NA
"22091","0","Eukaryota_Metazoa_Chordata_Craniata_Vertebrata","170_Physalia_343_234_S44_L001",57,NA,NA
"22111","0","Eukaryota_Metazoa_Chordata_Craniata_Vertebrata","170_Physalia_343_234_S44_L001",50,NA,NA
"530","a6b5e9c7532eaf6443f6c01f347a53b4","Eukaryota_Metazoa_Ecdysozoa_Arthropoda_Hexapoda_Insecta_Pterygota","193_Reso_371_206_S10_L001",3,NA,NA
"1128","fb8405699e16cd3e91ac3d23da36f02a","Eukaryota_Metazoa_Ecdysozoa_Arthropoda_Crustacea_Malacostraca_Eumalacostraca","210_Lych_334_243_S21_L001",15016,NA,NA
"1129","e18b78b8054647e599e2847fd6897fa0","Eukaryota_Metazoa_Ecdysozoa_Arthropoda_Crustacea_Malacostraca_Eumalacostraca","210_Lych_334_243_S21_L001",13042,NA,NA
"11782","6b71b9e8dc68010b8fc07459917df740","Eukaryota_Metazoa_Ecdysozoa_Arthropoda_Crustacea_Malacostraca_Eumalacostraca","210_Lych_334_243_S21_L001",7,NA,NA
"1191","6d32787c5284c7e77024e968aa1f778e","Eukaryota_Metazoa_Ecdysozoa_Arthropoda_Crustacea_Malacostraca_Eumalacostraca","211_Apol_322_255_S22_L001",150,NA,NA
"1192","5ef7a7f6216ae91df7daf768e0c96314","Eukaryota_Metazoa_Ecdysozoa_Arthropoda_Crustacea_Malacostraca_Eumalacostraca","211_Apol_322_255_S22_L001",130,NA,NA
"1604","6d32787c5284c7e77024e968aa1f778e","Eukaryota_Metazoa_Ecdysozoa_Arthropoda_Crustacea_Malacostraca_Eumalacostraca","218_Diph_333_244_S29_L001",27,NA,NA
"1605","5ef7a7f6216ae91df7daf768e0c96314","Eukaryota_Metazoa_Ecdysozoa_Arthropoda_Crustacea_Malacostraca_Eumalacostraca","218_Diph_333_244_S29_L001",23,NA,NA
"1958","6d32787c5284c7e77024e968aa1f778e","Eukaryota_Metazoa_Ecdysozoa_Arthropoda_Crustacea_Malacostraca_Eumalacostraca","225_Nano_344_233_S36_L001",4953,NA,NA
"1959","5ef7a7f6216ae91df7daf768e0c96314","Eukaryota_Metazoa_Ecdysozoa_Arthropoda_Crustacea_Malacostraca_Eumalacostraca","225_Nano_344_233_S36_L001",4359,NA,NA
"69","16e43ed9603d55d52d918cc5e3e83e3c","Eukaryota_Metazoa_Ecdysozoa_Arthropoda_Hexapoda_Insecta_Pterygota_Neoptera_Paraneoptera_Hemiptera_Euhemiptera_Heteroptera_Panheteroptera_Cimicomorpha_Anthocoridae_Anthocorinae_Anthocoris","180_Reso_372_205_S2_L001",30,NA,NA
"128","16e43ed9603d55d52d918cc5e3e83e3c","Eukaryota_Metazoa_Ecdysozoa_Arthropoda_Hexapoda_Insecta_Pterygota_Neoptera_Paraneoptera_Hemiptera_Euhemiptera_Heteroptera_Panheteroptera_Cimicomorpha_Anthocoridae_Anthocorinae_Anthocoris","184_Barg_360_217_S3_L001",3498,NA,NA
"136","c0565be6f06bc867b9164c38d702f92f","Eukaryota_Metazoa_Ecdysozoa_Arthropoda_Hexapoda_Insecta_Pterygota_Neoptera","184_Barg_360_217_S3_L001",198,NA,NA
"137","4531cfd005ea274fc61739786d362cd2","Eukaryota_Metazoa_Ecdysozoa_Arthropoda_Hexapoda_Insecta_Pterygota_Neoptera","184_Barg_360_217_S3_L001",128,NA,NA
"150","ad9de123467b8b6fc4bd4f3b371b978a","Eukaryota_Metazoa_Cnidaria","184_Barg_360_217_S3_L001",90,NA,NA
"195","c0565be6f06bc867b9164c38d702f92f","Eukaryota_Metazoa_Ecdysozoa_Arthropoda_Hexapoda_Insecta_Pterygota_Neoptera","185_Barg_348_229_S4_L001",593,NA,NA
"196","4531cfd005ea274fc61739786d362cd2","Eukaryota_Metazoa_Ecdysozoa_Arthropoda_Hexapoda_Insecta_Pterygota_Neoptera","185_Barg_348_229_S4_L001",255,NA,NA
"257","c98f58e58da0d5913a7a4623c78490ff","Eukaryota_Metazoa_Ecdysozoa_Arthropoda_Crustacea_Maxillopoda_Copepoda_Calanoida","186_Reso_336_241_S5_L001",239,NA,NA
"259","cdfd27cb481366fc7c31c74adb7133dd","Eukaryota_Metazoa_Ecdysozoa_Arthropoda_Crustacea_Maxillopoda_Copepoda_Calanoida","186_Reso_336_241_S5_L001",187,NA,NA
"305","16e43ed9603d55d52d918cc5e3e83e3c","Eukaryota_Metazoa_Ecdysozoa_Arthropoda_Hexapoda_Insecta_Pterygota_Neoptera_Paraneoptera_Hemiptera_Euhemiptera_Heteroptera_Panheteroptera_Cimicomorpha_Anthocoridae_Anthocorinae_Anthocoris","188_Barg_324_253_S6_L001",220,NA,NA
"364","16e43ed9603d55d52d918cc5e3e83e3c","Eukaryota_Metazoa_Ecdysozoa_Arthropoda_Hexapoda_Insecta_Pterygota_Neoptera_Paraneoptera_Hemiptera_Euhemiptera_Heteroptera_Panheteroptera_Cimicomorpha_Anthocoridae_Anthocorinae_Anthocoris","189_Barg_312_265_S7_L001",44,NA,NA
"375","c98f58e58da0d5913a7a4623c78490ff","Eukaryota_Metazoa_Ecdysozoa_Arthropoda_Crustacea_Maxillopoda_Copepoda_Calanoida","189_Barg_312_265_S7_L001",115,NA,NA
"377","cdfd27cb481366fc7c31c74adb7133dd","Eukaryota_Metazoa_Ecdysozoa_Arthropoda_Crustacea_Maxillopoda_Copepoda_Calanoida","189_Barg_312_265_S7_L001",132,NA,NA
"423","16e43ed9603d55d52d918cc5e3e83e3c","Eukaryota_Metazoa_Ecdysozoa_Arthropoda_Hexapoda_Insecta_Pterygota_Neoptera_Paraneoptera_Hemiptera_Euhemiptera_Heteroptera_Panheteroptera_Cimicomorpha_Anthocoridae_Anthocorinae_Anthocoris","191_Marr_383_194_S9_L001",37,NA,NA
"482","16e43ed9603d55d52d918cc5e3e83e3c","Eukaryota_Metazoa_Ecdysozoa_Arthropoda_Hexapoda_Insecta_Pterygota_Neoptera_Paraneoptera_Hemiptera_Euhemiptera_Heteroptera_Panheteroptera_Cimicomorpha_Anthocoridae_Anthocorinae_Anthocoris","193_Reso_371_206_S10_L001",657,NA,NA
"5301","a6b5e9c7532eaf6443f6c01f347a53b4","Eukaryota_Metazoa_Ecdysozoa_Arthropoda_Hexapoda_Insecta_Pterygota_Neoptera_Endopterygota_Diptera_Nematocera_Culicoidea_Culicidae_Culicinae","193_Reso_371_206_S10_L001",3,NA,NA
"541","16e43ed9603d55d52d918cc5e3e83e3c","Eukaryota_Metazoa_Ecdysozoa_Arthropoda_Hexapoda_Insecta_Pterygota_Neoptera_Paraneoptera_Hemiptera_Euhemiptera_Heteroptera_Panheteroptera_Cimicomorpha_Anthocoridae_Anthocorinae_Anthocoris","200_Fril_359_218_S11_L001",16,NA,NA
"718","16e43ed9603d55d52d918cc5e3e83e3c","Eukaryota_Metazoa_Ecdysozoa_Arthropoda_Hexapoda_Insecta_Pterygota_Neoptera_Paraneoptera_Hemiptera_Euhemiptera_Heteroptera_Panheteroptera_Cimicomorpha_Anthocoridae_Anthocorinae_Anthocoris","203_Barg_323_254_S14_L001",69,NA,NA
"726","c0565be6f06bc867b9164c38d702f92f","Eukaryota_Metazoa_Ecdysozoa_Arthropoda_Hexapoda_Insecta_Pterygota_Neoptera","203_Barg_323_254_S14_L001",122,NA,NA
"727","4531cfd005ea274fc61739786d362cd2","Eukaryota_Metazoa_Ecdysozoa_Arthropoda_Hexapoda_Insecta_Pterygota_Neoptera","203_Barg_323_254_S14_L001",59,NA,NA
"11281","fb8405699e16cd3e91ac3d23da36f02a","Eukaryota_Metazoa_Ecdysozoa_Arthropoda_Crustacea_Malacostraca_Eumalacostraca_Eucarida_Decapoda_Dendrobranchiata","210_Lych_334_243_S21_L001",15016,NA,NA
"11291","e18b78b8054647e599e2847fd6897fa0","Eukaryota_Metazoa_Ecdysozoa_Arthropoda_Crustacea_Malacostraca_Eumalacostraca_Eucarida_Decapoda_Dendrobranchiata","210_Lych_334_243_S21_L001",13042,NA,NA
"1131","16e43ed9603d55d52d918cc5e3e83e3c","Eukaryota_Metazoa_Ecdysozoa_Arthropoda_Hexapoda_Insecta_Pterygota_Neoptera_Paraneoptera_Hemiptera_Euhemiptera_Heteroptera_Panheteroptera_Cimicomorpha_Anthocoridae_Anthocorinae_Anthocoris","210_Lych_334_243_S21_L001",163,NA,NA
"11781","6b71b9e8dc68010b8fc07459917df740","Eukaryota_Metazoa_Ecdysozoa_Arthropoda_Crustacea","210_Lych_334_243_S21_L001",7,NA,NA
"11911","6d32787c5284c7e77024e968aa1f778e","Eukaryota_Metazoa_Ecdysozoa_Arthropoda_Crustacea_Malacostraca_Eumalacostraca_Eucarida_Decapoda_Pleocyemata_Achelata_Palinuroidea_Scyllaridae","211_Apol_322_255_S22_L001",150,NA,NA
"11921","5ef7a7f6216ae91df7daf768e0c96314","Eukaryota_Metazoa_Ecdysozoa_Arthropoda_Crustacea_Malacostraca_Eumalacostraca_Eucarida_Decapoda_Pleocyemata_Achelata_Palinuroidea_Scyllaridae","211_Apol_322_255_S22_L001",130,NA,NA
"16041","6d32787c5284c7e77024e968aa1f778e","Eukaryota_Metazoa_Ecdysozoa_Arthropoda_Crustacea_Malacostraca_Eumalacostraca_Eucarida_Decapoda_Pleocyemata_Achelata_Palinuroidea_Scyllaridae","218_Diph_333_244_S29_L001",27,NA,NA
"16051","5ef7a7f6216ae91df7daf768e0c96314","Eukaryota_Metazoa_Ecdysozoa_Arthropoda_Crustacea_Malacostraca_Eumalacostraca_Eucarida_Decapoda_Pleocyemata_Achelata_Palinuroidea_Scyllaridae","218_Diph_333_244_S29_L001",23,NA,NA
"1729","c0565be6f06bc867b9164c38d702f92f","Eukaryota_Metazoa_Ecdysozoa_Arthropoda_Hexapoda_Insecta_Pterygota_Neoptera","220_Cord_309_268_S31_L001",16,NA,NA
"1730","4531cfd005ea274fc61739786d362cd2","Eukaryota_Metazoa_Ecdysozoa_Arthropoda_Hexapoda_Insecta_Pterygota_Neoptera","220_Cord_309_268_S31_L001",19,NA,NA
"19581","6d32787c5284c7e77024e968aa1f778e","Eukaryota_Metazoa_Ecdysozoa_Arthropoda_Crustacea_Malacostraca_Eumalacostraca_Eucarida_Decapoda_Pleocyemata_Achelata_Palinuroidea_Scyllaridae","225_Nano_344_233_S36_L001",4953,NA,NA
"19591","5ef7a7f6216ae91df7daf768e0c96314","Eukaryota_Metazoa_Ecdysozoa_Arthropoda_Crustacea_Malacostraca_Eumalacostraca_Eucarida_Decapoda_Pleocyemata_Achelata_Palinuroidea_Scyllaridae","225_Nano_344_233_S36_L001",4359,NA,NA
"2252","16e43ed9603d55d52d918cc5e3e83e3c","Eukaryota_Metazoa_Ecdysozoa_Arthropoda_Hexapoda_Insecta_Pterygota_Neoptera_Paraneoptera_Hemiptera_Euhemiptera_Heteroptera_Panheteroptera_Cimicomorpha_Anthocoridae_Anthocorinae_Anthocoris","232_Barg_379_198_S41_L001",409,NA,NA
"2260","c0565be6f06bc867b9164c38d702f92f","Eukaryota_Metazoa_Ecdysozoa_Arthropoda_Hexapoda_Insecta_Pterygota_Neoptera","232_Barg_379_198_S41_L001",91,NA,NA
"2261","4531cfd005ea274fc61739786d362cd2","Eukaryota_Metazoa_Ecdysozoa_Arthropoda_Hexapoda_Insecta_Pterygota_Neoptera","232_Barg_379_198_S41_L001",66,NA,NA
"2429","16e43ed9603d55d52d918cc5e3e83e3c","Eukaryota_Metazoa_Ecdysozoa_Arthropoda_Hexapoda_Insecta_Pterygota_Neoptera_Paraneoptera_Hemiptera_Euhemiptera_Heteroptera_Panheteroptera_Cimicomorpha_Anthocoridae_Anthocorinae_Anthocoris","239_Barg_343_234_S44_L001",14,NA,NA
"222","5fb3f6e31c705bb1f26251a881037695","Eukaryota_Metazoa_Ecdysozoa_Arthropoda_Hexapoda_Insecta_Pterygota","235bApol_331_246_S5_L001",7,"Eukaryota(86.59);Metazoa(86.59);Ecdysozoa(86.59);Arthropoda(86.59);Hexapoda(86.59);Insecta(86.59);Pterygota(86.59);Neoptera(86.59);Paraneoptera(86.59);Hemiptera(86.59);Euhemiptera(0);Heteroptera(86.59);Panheteroptera(86.59);Cimicomorpha(86.59);Anthocoridae(86.59);Lyctocorinae(86.59);Xylocoris(52.05);Xylocoris cerealis(17.35);","Eukaryota"
"80","2889130880b2506c289e3a383c2785b5","Eukaryota_Metazoa_Chordata_Tunicata_Thaliacea_Salpida_Salpidae","228Nanom_367_210_S2_L001",14,"Eukaryota(91.46);environmental samples(91.46);uncultured eukaryote(91.46);","Eukaryota"
"2221","5fb3f6e31c705bb1f26251a881037695","Eukaryota_Metazoa_Ecdysozoa_Arthropoda_Hexapoda_Insecta_Pterygota_Neoptera_Paraneoptera_Hemiptera_Euhemiptera","235bApol_331_246_S5_L001",7,"Eukaryota(86.59);Metazoa(86.59);Ecdysozoa(86.59);Arthropoda(86.59);Hexapoda(86.59);Insecta(86.59);Pterygota(86.59);Neoptera(86.59);Paraneoptera(86.59);Hemiptera(86.59);Euhemiptera(0);Heteroptera(86.59);Panheteroptera(86.59);Cimicomorpha(86.59);Anthocoridae(86.59);Lyctocorinae(86.59);Xylocoris(52.05);Xylocoris cerealis(17.35);","Eukaryota"
"282","3ec331b00627c73e3141c56040362b75","Eukaryota_Metazoa_Ecdysozoa_Arthropoda_Crustacea_Maxillopoda_Copepoda_Calanoida","241Lensi_307_270_S7_L001",64,"Eukaryota(91.67);environmental samples(91.67);uncultured eukaryote(91.67);","Eukaryota"
"283","3c209b7f8927f275a05d5b7e2e713d9f","Eukaryota_Metazoa_Ecdysozoa_Arthropoda_Crustacea_Maxillopoda_Copepoda_Calanoida","241Lensi_307_270_S7_L001",43,"Eukaryota(91.46);environmental samples(91.46);uncultured eukaryote(91.46);","Eukaryota"
"689","dcb000e1ae6b72f54b3472d0ab6ffd65","Eukaryota_Metazoa_Lophotrochozoa_Mollusca_Bivalvia","250Vogti_294_283_S16_L001",157,"Eukaryota(87.21);Viridiplantae(16.77);Streptophyta(16.77);Embryophyta(16.77);Tracheophyta(16.77);Spermatophyta(16.77);Magnoliophyta(16.77);eudicotyledons(16.77);Gunneridae(20.97);Pentapetalae(0);rosids(0);malvids(16.77);Brassicales(16.77);Brassicaceae(16.77);Brassiceae(16.77);Brassica(16.77);Brassica napus (16.77);","Eukaryota"
"881","5baa8e17c1bade43f5ffb2cc3b3c4041","Eukaryota_Metazoa_Ecdysozoa_Arthropoda_Crustacea_Maxillopoda_Copepoda","254Chuni_341_236_S20_L001",35,"Eukaryota(91.67);environmental samples(55.00);uncultured eukaryote(55.00);","Eukaryota"
"885","52f46353c2f8762fa77f872101d4be60","Eukaryota_Metazoa_Ecdysozoa_Arthropoda_Crustacea_Maxillopoda_Copepoda","254Chuni_341_236_S20_L001",28,"Eukaryota(91.46);environmental samples(54.87);uncultured eukaryote(54.87);","Eukaryota"
"1137","3ec331b00627c73e3141c56040362b75","Eukaryota_Metazoa_Ecdysozoa_Arthropoda_Crustacea_Maxillopoda_Copepoda_Calanoida","260Apole_364_213_S26_L001",152,"Eukaryota(91.67);environmental samples(91.67);uncultured eukaryote(91.67);","Eukaryota"
"1138","3c209b7f8927f275a05d5b7e2e713d9f","Eukaryota_Metazoa_Ecdysozoa_Arthropoda_Crustacea_Maxillopoda_Copepoda_Calanoida","260Apole_364_213_S26_L001",131,"Eukaryota(91.46);environmental samples(91.46);uncultured eukaryote(91.46);","Eukaryota"
"1227","3ec331b00627c73e3141c56040362b75","Eukaryota_Metazoa_Ecdysozoa_Arthropoda_Crustacea_Maxillopoda_Copepoda_Calanoida","262Forsk_340_237_S28_L001",131,"Eukaryota(91.67);environmental samples(91.67);uncultured eukaryote(91.67);","Eukaryota"
"1235","89e3d04f3144d57c07a46798464b6536","Eukaryota_Metazoa_Ecdysozoa_Arthropoda_Crustacea_Maxillopoda_Copepoda_Calanoida","262Forsk_340_237_S28_L001",105,"Eukaryota(91.46);environmental samples(91.46);uncultured eukaryote(91.46);","Eukaryota"
"1248","3d3077beb695591c41a7142e66196130","Eukaryota_Metazoa_Ecdysozoa_Arthropoda_Hexapoda_Insecta_Pterygota_Neoptera","262Forsk_340_237_S28_L001",16,"Eukaryota(85.45);Metazoa(68.36);Ecdysozoa(68.36);Arthropoda(68.36);Hexapoda(68.36);Insecta(68.36);Pterygota(68.36);Neoptera(68.36);Paraneoptera(51.27);Hemiptera(0);Euhemiptera(0);Membracoidea(17.09);Membracidae(17.09);Acutalis(17.09);Acutalis tartarea(17.09);","Eukaryota"
"1952","0","Eukaryota_Metazoa_Ecdysozoa_Arthropoda_Crustacea_Malacostraca_Eumalacostraca","109_Apolemia_372_205_S2_L001",23,NA,NA
"890","0","Eukaryota_Metazoa_Ecdysozoa_Arthropoda_Crustacea_Maxillopoda_Copepoda","116_Nanomia_383_194_S9_L001",430,NA,NA
"893","0","Eukaryota_Metazoa_Ecdysozoa_Arthropoda_Crustacea_Maxillopoda_Copepoda","116_Nanomia_383_194_S9_L001",326,NA,NA
"1633","0","Eukaryota_Metazoa_Ecdysozoa_Arthropoda","123_Diphyes_299_278_S16_L001",1014,NA,NA
"4113","0","Eukaryota_Metazoa_Chordata_Craniata_Vertebrata","162_Physalia_308_269_S39_L001",8,NA,NA
"4437","0","Eukaryota_Metazoa_Chordata_Craniata_Vertebrata","167_Physalia_367_210_S42_L001",1893,NA,NA
"4438","0","Eukaryota_Metazoa_Chordata_Craniata_Vertebrata","167_Physalia_367_210_S42_L001",1841,NA,NA
"4543","0","Eukaryota_Metazoa_Ecdysozoa_Arthropoda_Crustacea_Malacostraca_Eumalacostraca","169_Physalia_355_222_S43_L001",3034,NA,NA
"4544","0","Eukaryota_Metazoa_Ecdysozoa_Arthropoda_Crustacea_Malacostraca_Eumalacostraca","169_Physalia_355_222_S43_L001",2776,NA,NA
"4545","0","Eukaryota_Metazoa_Chordata_Craniata_Vertebrata","169_Physalia_355_222_S43_L001",79,NA,NA
"4550","0","Eukaryota_Metazoa_Ecdysozoa_Arthropoda_Crustacea_Malacostraca_Eumalacostraca","169_Physalia_355_222_S43_L001",1008,NA,NA
"4552","0","Eukaryota_Metazoa_Ecdysozoa_Arthropoda_Crustacea_Malacostraca_Eumalacostraca","169_Physalia_355_222_S43_L001",752,NA,NA
"4553","0","Eukaryota_Metazoa_Ecdysozoa_Arthropoda_Crustacea_Malacostraca_Eumalacostraca","169_Physalia_355_222_S43_L001",746,NA,NA
"4555","0","Eukaryota_Metazoa_Ecdysozoa_Arthropoda_Crustacea_Malacostraca_Eumalacostraca","169_Physalia_355_222_S43_L001",668,NA,NA
"4556","0","Eukaryota_Metazoa_Chordata_Craniata_Vertebrata_Euteleostomi_Actinopterygii","169_Physalia_355_222_S43_L001",580,NA,NA
"4557","0","Eukaryota_Metazoa_Platyhelminthes_Trematoda_Digenea_Azygiida_Hemiuroidea","169_Physalia_355_222_S43_L001",567,NA,NA
"4559","0","Eukaryota_Metazoa_Chordata_Craniata_Vertebrata_Euteleostomi_Actinopterygii","169_Physalia_355_222_S43_L001",544,NA,NA
"4613","0","Eukaryota_Metazoa_Ecdysozoa_Arthropoda_Crustacea_Malacostraca_","169_Physalia_355_222_S43_L001",30,NA,NA
"4653","0","Eukaryota_Metazoa_Chordata_Craniata_Vertebrata","170_Physalia_343_234_S44_L001",95,NA,NA
"4718","0","Eukaryota_Metazoa_Chordata_Craniata_Vertebrata_Euteleostomi_","170_Physalia_343_234_S44_L001",33,NA,NA
"1951","0","Eukaryota_Metazoa_Ecdysozoa_Arthropoda_Crustacea_Malacostraca_Eumalacostraca","109_Apolemia_372_205_S2_L001",23,NA,NA
"8901","0","Eukaryota_Metazoa_Ecdysozoa_Arthropoda_Crustacea_Maxillopoda_Copepoda","116_Nanomia_383_194_S9_L001",430,NA,NA
"8931","0","Eukaryota_Metazoa_Ecdysozoa_Arthropoda_Crustacea_Maxillopoda_Copepoda","116_Nanomia_383_194_S9_L001",326,NA,NA
"41131","0","Eukaryota_Metazoa_Chordata_Craniata_Vertebrata_Euteleostomi_Actinopterygii","162_Physalia_308_269_S39_L001",8,NA,NA
"44371","0","Eukaryota_Metazoa_Chordata_Craniata_Vertebrata_Euteleostomi_Actinopterygii","167_Physalia_367_210_S42_L001",1893,NA,NA
"44381","0","Eukaryota_Metazoa_Chordata_Craniata_Vertebrata_Euteleostomi_Actinopterygii","167_Physalia_367_210_S42_L001",1841,NA,NA
"45431","0","Eukaryota_Metazoa_Ecdysozoa_Arthropoda_Crustacea_Malacostraca_Eumalacostraca","169_Physalia_355_222_S43_L001",3034,NA,NA
"45441","0","Eukaryota_Metazoa_Ecdysozoa_Arthropoda_Crustacea_Malacostraca_Eumalacostraca","169_Physalia_355_222_S43_L001",2776,NA,NA
"45451","0","Eukaryota_Metazoa_Chordata_Craniata_Vertebrata_Euteleostomi_Actinopterygii","169_Physalia_355_222_S43_L001",79,NA,NA
"45501","0","Eukaryota_Metazoa_Ecdysozoa_Arthropoda_Crustacea_Malacostraca_Eumalacostraca","169_Physalia_355_222_S43_L001",1008,NA,NA
"45521","0","Eukaryota_Metazoa_Ecdysozoa_Arthropoda_Crustacea_Malacostraca_Eumalacostraca","169_Physalia_355_222_S43_L001",752,NA,NA
"45531","0","Eukaryota_Metazoa_Ecdysozoa_Arthropoda_Crustacea_Malacostraca_Eumalacostraca","169_Physalia_355_222_S43_L001",746,NA,NA
"45551","0","Eukaryota_Metazoa_Ecdysozoa_Arthropoda_Crustacea_Malacostraca_Eumalacostraca","169_Physalia_355_222_S43_L001",668,NA,NA
"45561","0","Eukaryota_Metazoa_Chordata_Craniata_Vertebrata_Euteleostomi_Actinopterygii","169_Physalia_355_222_S43_L001",580,NA,NA
"45571","0","Eukaryota_Metazoa_Platyhelminthes_Trematoda_Digenea","169_Physalia_355_222_S43_L001",567,NA,NA
"45591","0","Eukaryota_Metazoa_Chordata_Craniata_Vertebrata_Euteleostomi_Actinopterygii","169_Physalia_355_222_S43_L001",544,NA,NA
"46131","0","Eukaryota_Metazoa_Ecdysozoa_Arthropoda_Crustacea_Malacostraca_","169_Physalia_355_222_S43_L001",30,NA,NA
"46531","0","Eukaryota_Metazoa_Chordata_Craniata_Vertebrata_Euteleostomi_Actinopterygii","170_Physalia_343_234_S44_L001",95,NA,NA
"47181","0","Eukaryota_Metazoa_Chordata_Craniata_Vertebrata_Euteleostomi_","170_Physalia_343_234_S44_L001",33,NA,NA
"3522","1c69a787700f25fd1e1a3de3b7e3bb02","Eukaryota_Metazoa_Ctenophora","185_Barg_348_229_S4_L001",16,NA,NA
"396","ad5311c38e69befd9a997559f24ab567","Eukaryota_Metazoa_Ecdysozoa_Arthropoda_Crustacea_Maxillopoda_Copepoda","186_Reso_336_241_S5_L001",426,NA,NA
"398","658d50665ce6e4b9ea21c79cb2e9661f","Eukaryota_Metazoa_Ecdysozoa_Arthropoda_Crustacea_Maxillopoda_Copepoda","186_Reso_336_241_S5_L001",349,NA,NA
"432","5775cc6db5c2b13754d1cb7bc4a984b4","Eukaryota_Metazoa_Chordata_Craniata_Vertebrata_Euteleostomi_","186_Reso_336_241_S5_L001",92,NA,NA
"1829","41f12c7d42aebdf2d4a604f6e5c09f56","Eukaryota_Metazoa_Ecdysozoa_Arthropoda_Crustacea_Malacostraca_Eumalacostraca","210_Lych_334_243_S21_L001",21920,NA,NA
"1831","2677030131bb1d2d735f9f3d58d1aab8","Eukaryota_Metazoa_Ecdysozoa_Arthropoda_Crustacea_Malacostraca_Eumalacostraca","210_Lych_334_243_S21_L001",21001,NA,NA
"1926","f9389ced85a17eba5f1b7e6e9049421e","Eukaryota_Metazoa_Ecdysozoa_Arthropoda_Crustacea_Malacostraca_Eumalacostraca","211_Apol_322_255_S22_L001",191,NA,NA
"1950","7ea6ae5537de8958803e77e632a48dcc","Eukaryota_Metazoa_Ecdysozoa_Arthropoda_Crustacea_Malacostraca_Eumalacostraca","211_Apol_322_255_S22_L001",179,NA,NA
"1984","1c69a787700f25fd1e1a3de3b7e3bb02","Eukaryota_Metazoa_Ctenophora","211_Apol_322_255_S22_L001",27,NA,NA
"2598","f9389ced85a17eba5f1b7e6e9049421e","Eukaryota_Metazoa_Ecdysozoa_Arthropoda_Crustacea_Malacostraca_Eumalacostraca","218_Diph_333_244_S29_L001",38,NA,NA
"2600","e6ded71f10e118351fd6051bbdcb89fe","Eukaryota_Metazoa_Ecdysozoa_Arthropoda_Crustacea_Malacostraca_Eumalacostraca","218_Diph_333_244_S29_L001",40,NA,NA
"3174","f9389ced85a17eba5f1b7e6e9049421e","Eukaryota_Metazoa_Ecdysozoa_Arthropoda_Crustacea_Malacostraca_Eumalacostraca","224_Barg_356_221_S35_L001",13053,NA,NA
"3176","e6ded71f10e118351fd6051bbdcb89fe","Eukaryota_Metazoa_Ecdysozoa_Arthropoda_Crustacea_Malacostraca_Eumalacostraca","224_Barg_356_221_S35_L001",11771,NA,NA
"3243","d5dd3749ea1d9c0e4845e812658c7c82","Eukaryota_Metazoa_Ecdysozoa_Arthropoda","224_Barg_356_221_S35_L001",23,NA,NA
"3270","f9389ced85a17eba5f1b7e6e9049421e","Eukaryota_Metazoa_Ecdysozoa_Arthropoda_Crustacea_Malacostraca_Eumalacostraca","225_Nano_344_233_S36_L001",8632,NA,NA
"3272","e6ded71f10e118351fd6051bbdcb89fe","Eukaryota_Metazoa_Ecdysozoa_Arthropoda_Crustacea_Malacostraca_Eumalacostraca","225_Nano_344_233_S36_L001",8667,NA,NA
"3307","4f556bf259cf3cb340c87cc9b3cfc8bc","Eukaryota_Metazoa_Ecdysozoa_Arthropoda_Crustacea_Malacostraca_Eumalacostraca","225_Nano_344_233_S36_L001",98,NA,NA
"208","f8a7fa17cd0c74bf9d59a2d45ff85783","Eukaryota_Metazoa_Chordata_Craniata_Vertebrata_Euteleostomi","184_Barg_360_217_S3_L001",14,NA,NA
"3521","1c69a787700f25fd1e1a3de3b7e3bb02","Eukaryota_Metazoa_Ctenophora","185_Barg_348_229_S4_L001",16,NA,NA
"3961","ad5311c38e69befd9a997559f24ab567","Eukaryota_Metazoa_Ecdysozoa_Arthropoda_Crustacea_Maxillopoda_Copepoda_Calanoida_Calanidae","186_Reso_336_241_S5_L001",426,NA,NA
"3981","658d50665ce6e4b9ea21c79cb2e9661f","Eukaryota_Metazoa_Ecdysozoa_Arthropoda_Crustacea_Maxillopoda_Copepoda_Calanoida_Calanidae","186_Reso_336_241_S5_L001",349,NA,NA
"400","f8a7fa17cd0c74bf9d59a2d45ff85783","Eukaryota_Metazoa_Chordata_Craniata_Vertebrata_Euteleostomi","186_Reso_336_241_S5_L001",104,NA,NA
"401","4784ca0b100648c6cbd98ddcbf76a24f","Eukaryota_Metazoa_Ecdysozoa_Arthropoda_Crustacea_Maxillopoda_Copepoda_Calanoida","186_Reso_336_241_S5_L001",47,NA,NA
"4321","5775cc6db5c2b13754d1cb7bc4a984b4","Eukaryota_Metazoa_Chordata_Craniata_Vertebrata_Euteleostomi","186_Reso_336_241_S5_L001",92,NA,NA
"496","f8a7fa17cd0c74bf9d59a2d45ff85783","Eukaryota_Metazoa_Chordata_Craniata_Vertebrata_Euteleostomi","188_Barg_324_253_S6_L001",33,NA,NA
"592","f8a7fa17cd0c74bf9d59a2d45ff85783","Eukaryota_Metazoa_Chordata_Craniata_Vertebrata_Euteleostomi","189_Barg_312_265_S7_L001",39,NA,NA
"593","4784ca0b100648c6cbd98ddcbf76a24f","Eukaryota_Metazoa_Ecdysozoa_Arthropoda_Crustacea_Maxillopoda_Copepoda_Calanoida","189_Barg_312_265_S7_L001",229,NA,NA
"603","e2cf5ea0583a2f68c210af856550c1bb","Eukaryota_Metazoa_Ecdysozoa_Arthropoda_Crustacea_Maxillopoda_Copepoda_Calanoida","189_Barg_312_265_S7_L001",218,NA,NA
"880","f8a7fa17cd0c74bf9d59a2d45ff85783","Eukaryota_Metazoa_Chordata_Craniata_Vertebrata_Euteleostomi","200_Fril_359_218_S11_L001",62,NA,NA
"1168","f8a7fa17cd0c74bf9d59a2d45ff85783","Eukaryota_Metazoa_Chordata_Craniata_Vertebrata_Euteleostomi","203_Barg_323_254_S14_L001",45,NA,NA
"18291","41f12c7d42aebdf2d4a604f6e5c09f56","Eukaryota_Metazoa_Ecdysozoa_Arthropoda_Crustacea_Malacostraca_Eumalacostraca_Eucarida_Decapoda_Dendrobranchiata_Sergestoidea","210_Lych_334_243_S21_L001",21920,NA,NA
"18311","2677030131bb1d2d735f9f3d58d1aab8","Eukaryota_Metazoa_Ecdysozoa_Arthropoda_Crustacea_Malacostraca_Eumalacostraca_Eucarida_Decapoda_Dendrobranchiata_Sergestoidea","210_Lych_334_243_S21_L001",21001,NA,NA
"19261","f9389ced85a17eba5f1b7e6e9049421e","Eukaryota_Metazoa_Ecdysozoa_Arthropoda_Crustacea_Malacostraca_Eumalacostraca_Eucarida","211_Apol_322_255_S22_L001",191,NA,NA
"1937","4784ca0b100648c6cbd98ddcbf76a24f","Eukaryota_Metazoa_Ecdysozoa_Arthropoda_Crustacea_Maxillopoda_Copepoda_Calanoida","211_Apol_322_255_S22_L001",21,NA,NA
"19501","7ea6ae5537de8958803e77e632a48dcc","Eukaryota_Metazoa_Ecdysozoa_Arthropoda_Crustacea_Malacostraca_Eumalacostraca_Eucarida","211_Apol_322_255_S22_L001",179,NA,NA
"19841","1c69a787700f25fd1e1a3de3b7e3bb02","Eukaryota_Metazoa_Ctenophora","211_Apol_322_255_S22_L001",27,NA,NA
"25981","f9389ced85a17eba5f1b7e6e9049421e","Eukaryota_Metazoa_Ecdysozoa_Arthropoda_Crustacea_Malacostraca_Eumalacostraca_Eucarida","218_Diph_333_244_S29_L001",38,NA,NA
"26001","e6ded71f10e118351fd6051bbdcb89fe","Eukaryota_Metazoa_Ecdysozoa_Arthropoda_Crustacea_Malacostraca_Eumalacostraca_Eucarida","218_Diph_333_244_S29_L001",40,NA,NA
"31741","f9389ced85a17eba5f1b7e6e9049421e","Eukaryota_Metazoa_Ecdysozoa_Arthropoda_Crustacea_Malacostraca_Eumalacostraca_Eucarida","224_Barg_356_221_S35_L001",13053,NA,NA
"31761","e6ded71f10e118351fd6051bbdcb89fe","Eukaryota_Metazoa_Ecdysozoa_Arthropoda_Crustacea_Malacostraca_Eumalacostraca_Eucarida","224_Barg_356_221_S35_L001",11771,NA,NA
"32431","d5dd3749ea1d9c0e4845e812658c7c82","Eukaryota_Metazoa_Ecdysozoa_Arthropoda_Crustacea_Maxillopoda","224_Barg_356_221_S35_L001",23,NA,NA
"32701","f9389ced85a17eba5f1b7e6e9049421e","Eukaryota_Metazoa_Ecdysozoa_Arthropoda_Crustacea_Malacostraca_Eumalacostraca_Eucarida","225_Nano_344_233_S36_L001",8632,NA,NA
"32721","e6ded71f10e118351fd6051bbdcb89fe","Eukaryota_Metazoa_Ecdysozoa_Arthropoda_Crustacea_Malacostraca_Eumalacostraca_Eucarida","225_Nano_344_233_S36_L001",8667,NA,NA
"33071","4f556bf259cf3cb340c87cc9b3cfc8bc","Eukaryota_Metazoa_Ecdysozoa_Arthropoda_Crustacea_Malacostraca_Eumalacostraca_Hoplocarida_Stomatopoda","225_Nano_344_233_S36_L001",98,NA,NA
"3824","9145f543a6b9eca15df05e46a69b750b","Eukaryota_Metazoa_Ecdysozoa_Arthropoda_Crustacea_Maxillopoda_Copepoda","232_Barg_379_198_S41_L001",18,NA,NA
"52","c619a6d74433cfa1332eade15a542b1b","Eukaryota_Metazoa_Ecdysozoa_Arthropoda_Crustacea_Malacostraca_Eumalacostraca_Peracarida_Mysidacea_Lophogastrida","227Halis_379_198_S1_L001",11,"Eukaryota(91.32);Metazoa(91.32);Ecdysozoa(91.32);Arthropoda(91.32);Crustacea(91.32);Malacostraca(91.32);Eumalacostraca(91.32);Peracarida(91.32);Mysidacea(91.32);Lophogastrida(91.32);Lophogastridae(54.78);Gnathophausia(18.30);Gnathophausia zoea(18.30);","Eukaryota"
"517","d24d6c79da55f45536948f099a4bdbeb","Eukaryota_Metazoa_Chordata_Tunicata_Thaliacea_Salpida_Salpidae","243Apole_378_199_S9_L001",24,"Eukaryota(91.39);Metazoa(91.39);Chordata(91.39);Tunicata(91.39);Thaliacea(91.39);Salpida(91.39);Salpidae(91.39);Thetys(18.31);Thetys vagina(18.31);","Eukaryota"
"523","f24759332d1625035e67d4009ff9081c","Eukaryota_Metazoa_Chordata_Tunicata_Thaliacea_Salpida_Salpidae","243Apole_378_199_S9_L001",18,"Eukaryota(91.62);Metazoa(91.62);Chordata(91.62);Tunicata(91.62);Thaliacea(91.62);Salpida(91.62);Salpidae(91.62);Thetys(18.36);Thetys vagina(18.36);","Eukaryota"
"657","d570a2d989de11a988563f4a53fe7bf3","Eukaryota_Metazoa_Ecdysozoa_Arthropoda_Crustacea_Maxillopoda_Copepoda_Calanoida","245Diphy_354_223_S11_L001",6,"Eukaryota(86.36);Metazoa(86.36);Ecdysozoa(86.36);Arthropoda(86.36);Crustacea(86.36);Maxillopoda(86.36);Copepoda(86.36);Calanoida(86.36);Acartiidae(34.38);Acartia(21.59);Acartia tonsa(0);","Eukaryota"
"1157","2c1c252ed1232c58f0214766c995a116","Eukaryota_Metazoa_Ecdysozoa_Arthropoda_Crustacea_Maxillopoda_Copepoda_Calanoida","254Chuni_341_236_S20_L001",70,"Eukaryota(90.55);Metazoa(90.55);Ecdysozoa(90.55);Arthropoda(90.55);Crustacea(90.55);Maxillopoda(90.55);Copepoda(90.55);Calanoida(90.55);Augaptilidae(18.24);Haloptilus(18.24);Haloptilus longicornis(30.40);","Eukaryota"
"1180","0a145469d887856a251dafc8520d3321","Eukaryota_Metazoa_Ecdysozoa_Arthropoda_Crustacea_Maxillopoda_Copepoda_Calanoida","254Chuni_341_236_S20_L001",22,"Eukaryota(90.55);Metazoa(90.55);Ecdysozoa(90.55);Arthropoda(90.55);Crustacea(90.55);Maxillopoda(90.55);Copepoda(90.55);Calanoida(90.55);Augaptilidae(18.24);Haloptilus(18.24);Haloptilus longicornis(30.40);","Eukaryota"
"1542","d34ac98d8b4337c4dbc27898ecb9ea9b","Eukaryota_Metazoa_Ecdysozoa_Arthropoda_Crustacea_Maxillopoda_Copepoda_Calanoida","260Apole_364_213_S26_L001",19,"Eukaryota(90.63);Metazoa(90.63);Ecdysozoa(90.63);Arthropoda(90.63);Crustacea(90.63);Maxillopoda(90.63);Copepoda(90.63);Calanoida(90.63);Aetideidae(36.32);Undeuchaeta(18.16);Undeuchaeta major(18.16);","Eukaryota"
"521","c619a6d74433cfa1332eade15a542b1b","Eukaryota_Metazoa_Ecdysozoa_Arthropoda_Crustacea","227Halis_379_198_S1_L001",11,"Eukaryota(91.32);Metazoa(91.32);Ecdysozoa(91.32);Arthropoda(91.32);Crustacea(91.32);Malacostraca(91.32);Eumalacostraca(91.32);Peracarida(91.32);Mysidacea(91.32);Lophogastrida(91.32);Lophogastridae(54.78);Gnathophausia(18.30);Gnathophausia zoea(18.30);","Eukaryota"
"371","497790fe6efbfb8a9864556fa43aa8ad","Eukaryota_Metazoa_Ecdysozoa_Arthropoda_Crustacea_Maxillopoda_Copepoda_Calanoida","241Lensi_307_270_S7_L001",110,"Eukaryota(91.46);Metazoa(54.95);Ecdysozoa(54.95);Arthropoda(54.95);Crustacea(54.95);Maxillopoda(54.95);Copepoda(54.95);Calanoida(54.95);Aetideidae(36.63);Undeuchaeta(18.31);Undeuchaeta major(18.31);","Eukaryota"
"5171","d24d6c79da55f45536948f099a4bdbeb","Eukaryota_Metazoa_Chordata_Tunicata_Thaliacea_Salpida_Salpidae","243Apole_378_199_S9_L001",24,"Eukaryota(91.39);Metazoa(91.39);Chordata(91.39);Tunicata(91.39);Thaliacea(91.39);Salpida(91.39);Salpidae(91.39);Thetys(18.31);Thetys vagina(18.31);","Eukaryota"
"5231","f24759332d1625035e67d4009ff9081c","Eukaryota_Metazoa_Chordata_Tunicata_Thaliacea_Salpida_Salpidae","243Apole_378_199_S9_L001",18,"Eukaryota(91.62);Metazoa(91.62);Chordata(91.62);Tunicata(91.62);Thaliacea(91.62);Salpida(91.62);Salpidae(91.62);Thetys(18.36);Thetys vagina(18.36);","Eukaryota"
"6571","d570a2d989de11a988563f4a53fe7bf3","Eukaryota_Metazoa_Ecdysozoa_Arthropoda_Crustacea_Maxillopoda_Copepoda_Calanoida","245Diphy_354_223_S11_L001",6,"Eukaryota(86.36);Metazoa(86.36);Ecdysozoa(86.36);Arthropoda(86.36);Crustacea(86.36);Maxillopoda(86.36);Copepoda(86.36);Calanoida(86.36);Acartiidae(34.38);Acartia(21.59);Acartia tonsa(0);","Eukaryota"
"11571","2c1c252ed1232c58f0214766c995a116","Eukaryota_Metazoa_Ecdysozoa_Arthropoda_Crustacea_Maxillopoda_Copepoda_Calanoida_Metridinidae_Pleuromamma","254Chuni_341_236_S20_L001",70,"Eukaryota(90.55);Metazoa(90.55);Ecdysozoa(90.55);Arthropoda(90.55);Crustacea(90.55);Maxillopoda(90.55);Copepoda(90.55);Calanoida(90.55);Augaptilidae(18.24);Haloptilus(18.24);Haloptilus longicornis(30.40);","Eukaryota"
"11801","0a145469d887856a251dafc8520d3321","Eukaryota_Metazoa_Ecdysozoa_Arthropoda_Crustacea_Maxillopoda_Copepoda_Calanoida_Metridinidae_Pleuromamma","254Chuni_341_236_S20_L001",22,"Eukaryota(90.55);Metazoa(90.55);Ecdysozoa(90.55);Arthropoda(90.55);Crustacea(90.55);Maxillopoda(90.55);Copepoda(90.55);Calanoida(90.55);Augaptilidae(18.24);Haloptilus(18.24);Haloptilus longicornis(30.40);","Eukaryota"
"1511","497790fe6efbfb8a9864556fa43aa8ad","Eukaryota_Metazoa_Ecdysozoa_Arthropoda_Crustacea_Maxillopoda_Copepoda_Calanoida","260Apole_364_213_S26_L001",281,"Eukaryota(91.46);Metazoa(54.95);Ecdysozoa(54.95);Arthropoda(54.95);Crustacea(54.95);Maxillopoda(54.95);Copepoda(54.95);Calanoida(54.95);Aetideidae(36.63);Undeuchaeta(18.31);Undeuchaeta major(18.31);","Eukaryota"
"15421","d34ac98d8b4337c4dbc27898ecb9ea9b","Eukaryota_Metazoa_Ecdysozoa_Arthropoda_Crustacea_Maxillopoda_Copepoda_Calanoida","260Apole_364_213_S26_L001",19,"Eukaryota(90.63);Metazoa(90.63);Ecdysozoa(90.63);Arthropoda(90.63);Crustacea(90.63);Maxillopoda(90.63);Copepoda(90.63);Calanoida(90.63);Aetideidae(36.32);Undeuchaeta(18.16);Undeuchaeta major(18.16);","Eukaryota"
"1631","497790fe6efbfb8a9864556fa43aa8ad","Eukaryota_Metazoa_Ecdysozoa_Arthropoda_Crustacea_Maxillopoda_Copepoda_Calanoida","262Forsk_340_237_S28_L001",291,"Eukaryota(91.46);Metazoa(54.95);Ecdysozoa(54.95);Arthropoda(54.95);Crustacea(54.95);Maxillopoda(54.95);Copepoda(54.95);Calanoida(54.95);Aetideidae(36.63);Undeuchaeta(18.31);Undeuchaeta major(18.31);","Eukaryota"
"1632","770c1764043f8908b23bb43efc424a13","Eukaryota_Metazoa_Ecdysozoa_Arthropoda_Crustacea_Maxillopoda_Copepoda_Calanoida","262Forsk_340_237_S28_L001",463,"Eukaryota(91.11);Metazoa(54.75);Ecdysozoa(54.75);Arthropoda(54.75);Crustacea(54.75);Maxillopoda(54.75);Copepoda(54.75);Calanoida(54.75);Aetideidae(36.50);Undeuchaeta(18.25);Undeuchaeta major(18.25);","Eukaryota"
"808","0","Eukaryota_Metazoa_Ecdysozoa_Arthropoda_Crustacea_Maxillopoda_Copepoda","116_Nanomia_383_194_S9_L001",141,NA,NA
"811","0","Eukaryota_Metazoa_Ecdysozoa_Arthropoda_Crustacea_Maxillopoda_Copepoda","116_Nanomia_383_194_S9_L001",103,NA,NA
"4165","0","Eukaryota_Metazoa_Ecdysozoa_Arthropoda_Crustacea_Malacostraca_Eumalacostraca","169_Physalia_355_222_S43_L001",650,NA,NA
"4167","0","Eukaryota_Metazoa_Ecdysozoa_Arthropoda_Crustacea_Malacostraca_Eumalacostraca","169_Physalia_355_222_S43_L001",436,NA,NA
"4171","0","Eukaryota_Metazoa_Ecdysozoa_Arthropoda_Crustacea_Malacostraca_Eumalacostraca","169_Physalia_355_222_S43_L001",201,NA,NA
"4172","0","Eukaryota_Metazoa_Ecdysozoa_Arthropoda_Crustacea_Malacostraca_Eumalacostraca","169_Physalia_355_222_S43_L001",167,NA,NA
"4173","0","Eukaryota_Metazoa_Ecdysozoa_Arthropoda_Crustacea_Malacostraca_Eumalacostraca","169_Physalia_355_222_S43_L001",146,NA,NA
"4197","0","Eukaryota_Metazoa_Chordata_Craniata_Vertebrata_Euteleostomi_Actinopterygii","169_Physalia_355_222_S43_L001",33,NA,NA
"4205","0","Eukaryota_Metazoa_Ecdysozoa_Arthropoda_Crustacea_Malacostraca_Eumalacostraca","169_Physalia_355_222_S43_L001",26,NA,NA
"4207","0","Eukaryota_Metazoa_Platyhelminthes_Trematoda_Digenea_Azygiida_","169_Physalia_355_222_S43_L001",23,NA,NA
"8081","0","Eukaryota_Metazoa_Ecdysozoa_Arthropoda_Crustacea_Maxillopoda_Copepoda","116_Nanomia_383_194_S9_L001",141,NA,NA
"8111","0","Eukaryota_Metazoa_Ecdysozoa_Arthropoda_Crustacea_Maxillopoda_Copepoda","116_Nanomia_383_194_S9_L001",103,NA,NA
"41651","0","Eukaryota_Metazoa_Ecdysozoa_Arthropoda_Crustacea_Malacostraca_Eumalacostraca","169_Physalia_355_222_S43_L001",650,NA,NA
"41671","0","Eukaryota_Metazoa_Ecdysozoa_Arthropoda_Crustacea_Malacostraca_Eumalacostraca","169_Physalia_355_222_S43_L001",436,NA,NA
"41711","0","Eukaryota_Metazoa_Ecdysozoa_Arthropoda_Crustacea_Malacostraca_Eumalacostraca","169_Physalia_355_222_S43_L001",201,NA,NA
"41721","0","Eukaryota_Metazoa_Ecdysozoa_Arthropoda_Crustacea_Malacostraca_Eumalacostraca","169_Physalia_355_222_S43_L001",167,NA,NA
"41731","0","Eukaryota_Metazoa_Ecdysozoa_Arthropoda_Crustacea_Malacostraca_Eumalacostraca","169_Physalia_355_222_S43_L001",146,NA,NA
"41971","0","Eukaryota_Metazoa_Chordata_Craniata_Vertebrata_Euteleostomi_Actinopterygii","169_Physalia_355_222_S43_L001",33,NA,NA
"42051","0","Eukaryota_Metazoa_Ecdysozoa_Arthropoda_Crustacea_Malacostraca_Eumalacostraca","169_Physalia_355_222_S43_L001",26,NA,NA
"42071","0","Eukaryota_Metazoa_Platyhelminthes_Trematoda_Digenea","169_Physalia_355_222_S43_L001",23,NA,NA
"378","9fbcfd53b5a74be64e2040dfa9bae4fa","Eukaryota_Metazoa_Cnidaria","X17nine_191_Marr_383_194_S9_L001",12,NA,NA
"1012","d6c37c0812fb6f47eab3ba7d588c0b02","Eukaryota_Metazoa_Ecdysozoa_Arthropoda_Crustacea_Malacostraca_Eumalacostraca_Eucarida_Euphausiacea_Euphausiidae","X17nine_211_Apol_322_255_S22_L001",132,NA,NA
"1023","62a5a4d5a516a67da05ad092ba57db3d","Eukaryota_Metazoa_Ecdysozoa_Arthropoda_Crustacea_Malacostraca_Eumalacostraca_Eucarida_Euphausiacea_Euphausiidae","X17nine_211_Apol_322_255_S22_L001",103,NA,NA
"1403","20d16492cb55569fcf065a2677a73021","Eukaryota_Metazoa_Ecdysozoa_Arthropoda_Crustacea_Malacostraca_Eumalacostraca_Eucarida_Euphausiacea_Euphausiidae","X17nine_218_Diph_333_244_S29_L001",22,NA,NA
"1404","d6c37c0812fb6f47eab3ba7d588c0b02","Eukaryota_Metazoa_Ecdysozoa_Arthropoda_Crustacea_Malacostraca_Eumalacostraca_Eucarida_Euphausiacea_Euphausiidae","X17nine_218_Diph_333_244_S29_L001",17,NA,NA
"1739","20d16492cb55569fcf065a2677a73021","Eukaryota_Metazoa_Ecdysozoa_Arthropoda_Crustacea_Malacostraca_Eumalacostraca_Eucarida_Euphausiacea_Euphausiidae","X17nine_224_Barg_356_221_S35_L001",6420,NA,NA
"1740","d6c37c0812fb6f47eab3ba7d588c0b02","Eukaryota_Metazoa_Ecdysozoa_Arthropoda_Crustacea_Malacostraca_Eumalacostraca_Eucarida_Euphausiacea_Euphausiidae","X17nine_224_Barg_356_221_S35_L001",6186,NA,NA
"1795","20d16492cb55569fcf065a2677a73021","Eukaryota_Metazoa_Ecdysozoa_Arthropoda_Crustacea_Malacostraca_Eumalacostraca_Eucarida_Euphausiacea_Euphausiidae","X17nine_225_Nano_344_233_S36_L001",4470,NA,NA
"1796","d6c37c0812fb6f47eab3ba7d588c0b02","Eukaryota_Metazoa_Ecdysozoa_Arthropoda_Crustacea_Malacostraca_Eumalacostraca_Eucarida_Euphausiacea_Euphausiidae","X17nine_225_Nano_344_233_S36_L001",4416,NA,NA
"177","8548f3149a5d0dced556dbc46ef46f28","Eukaryota_Metazoa_Ecdysozoa_Arthropoda_Crustacea_Maxillopoda_Copepoda_Calanoida_Paracalanidae_Paracalanus_Paracalanus parvus_NA","X17nine_186_Reso_336_241_S5_L001",132,NA,NA
"180","8a2d3838e81d83fffb92de875faea885","Eukaryota_Metazoa_Ecdysozoa_Arthropoda_Crustacea_Maxillopoda_Copepoda_Calanoida","X17nine_186_Reso_336_241_S5_L001",133,NA,NA
"289","8548f3149a5d0dced556dbc46ef46f28","Eukaryota_Metazoa_Ecdysozoa_Arthropoda_Crustacea_Maxillopoda_Copepoda_Calanoida_Paracalanidae_Paracalanus_Paracalanus parvus_NA","X17nine_189_Barg_312_265_S7_L001",134,NA,NA
"293","ff1480058c38f3414b39f088c7935475","Eukaryota_Metazoa_Ecdysozoa_Arthropoda_Crustacea_Maxillopoda_Copepoda_Calanoida_Paracalanidae_Paracalanus_Paracalanus parvus_NA","X17nine_189_Barg_312_265_S7_L001",109,NA,NA
"3781","9fbcfd53b5a74be64e2040dfa9bae4fa","Eukaryota_Metazoa_Cnidaria","X17nine_191_Marr_383_194_S9_L001",12,NA,NA
"10121","d6c37c0812fb6f47eab3ba7d588c0b02","Eukaryota_Metazoa_Ecdysozoa_Arthropoda_Crustacea_Malacostraca_Eumalacostraca_Eucarida","X17nine_211_Apol_322_255_S22_L001",132,NA,NA
"10231","62a5a4d5a516a67da05ad092ba57db3d","Eukaryota_Metazoa_Ecdysozoa_Arthropoda_Crustacea_Malacostraca_Eumalacostraca","X17nine_211_Apol_322_255_S22_L001",103,NA,NA
"1048","cccfcaf9dc2f583234a1ff1ca47188bd","Eukaryota_Metazoa_Ctenophora","X17nine_211_Apol_322_255_S22_L001",13,NA,NA
"1051","e64a777956304d5de0147e5cb3b74ea1","Eukaryota_Metazoa_Ctenophora","X17nine_211_Apol_322_255_S22_L001",11,NA,NA
"14031","20d16492cb55569fcf065a2677a73021","Eukaryota_Metazoa_Ecdysozoa_Arthropoda_Crustacea_Malacostraca_Eumalacostraca_Eucarida","X17nine_218_Diph_333_244_S29_L001",22,NA,NA
"14041","d6c37c0812fb6f47eab3ba7d588c0b02","Eukaryota_Metazoa_Ecdysozoa_Arthropoda_Crustacea_Malacostraca_Eumalacostraca_Eucarida","X17nine_218_Diph_333_244_S29_L001",17,NA,NA
"17391","20d16492cb55569fcf065a2677a73021","Eukaryota_Metazoa_Ecdysozoa_Arthropoda_Crustacea_Malacostraca_Eumalacostraca_Eucarida","X17nine_224_Barg_356_221_S35_L001",6420,NA,NA
"17401","d6c37c0812fb6f47eab3ba7d588c0b02","Eukaryota_Metazoa_Ecdysozoa_Arthropoda_Crustacea_Malacostraca_Eumalacostraca_Eucarida","X17nine_224_Barg_356_221_S35_L001",6186,NA,NA
"17951","20d16492cb55569fcf065a2677a73021","Eukaryota_Metazoa_Ecdysozoa_Arthropoda_Crustacea_Malacostraca_Eumalacostraca_Eucarida","X17nine_225_Nano_344_233_S36_L001",4470,NA,NA
"17961","d6c37c0812fb6f47eab3ba7d588c0b02","Eukaryota_Metazoa_Ecdysozoa_Arthropoda_Crustacea_Malacostraca_Eumalacostraca_Eucarida","X17nine_225_Nano_344_233_S36_L001",4416,NA,NA
"53","13bd67f026c82a82c3b77a9a3c5b78f4","Eukaryota_Metazoa_Ecdysozoa_Arthropoda_Crustacea_Malacostraca_Eumalacostraca_Peracarida_Mysidacea_Lophogastrida_Eucopiidae_NA","227Halis_379_198_S1_L001",6,"Eukaryota(89.15);Metazoa(89.15);Ecdysozoa(89.15);Arthropoda(89.15);Crustacea(89.15);Malacostraca(89.15);Eumalacostraca(89.15);Peracarida(89.15);Mysidacea(89.15);Lophogastrida(89.15);Eucopiidae(91.47);Eucopia(36.22);Eucopia sp. TS-2005(18.29);","Eukaryota"
"56","12d085c70908474919f5b1d353668ffa","Eukaryota_Metazoa_Ecdysozoa_Arthropoda_Crustacea_Malacostraca_Eumalacostraca_Peracarida_Mysidacea_Lophogastrida_Eucopiidae_NA","227Halis_379_198_S1_L001",4,"Eukaryota(89.15);Metazoa(89.15);Ecdysozoa(89.15);Arthropoda(89.15);Crustacea(89.15);Malacostraca(89.15);Eumalacostraca(89.15);Peracarida(89.15);Mysidacea(89.15);Lophogastrida(89.15);Eucopiidae(91.47);Eucopia(36.22);Eucopia sp. TS-2005(18.29);","Eukaryota"
"372","2c2c86b89da25d56756752ff40222b70","Eukaryota_Metazoa_Ecdysozoa_Arthropoda_Crustacea_Maxillopoda_Copepoda_Calanoida","241Lensi_307_270_S7_L001",76,"Eukaryota(90.62);Metazoa(72.52);Ecdysozoa(72.52);Arthropoda(72.52);Crustacea(72.52);Maxillopoda(72.52);Copepoda(72.52);Calanoida(72.52);Scolecitrichidae(54.42);Scolecithricella(18.22);Scolecithricella longispinosa(18.22);","Eukaryota"
"616","2c2c86b89da25d56756752ff40222b70","Eukaryota_Metazoa_Ecdysozoa_Arthropoda_Crustacea_Maxillopoda_Copepoda_Calanoida","245Diphy_354_223_S11_L001",8,"Eukaryota(90.62);Metazoa(72.52);Ecdysozoa(72.52);Arthropoda(72.52);Crustacea(72.52);Maxillopoda(72.52);Copepoda(72.52);Calanoida(72.52);Scolecitrichidae(54.42);Scolecithricella(18.22);Scolecithricella longispinosa(18.22);","Eukaryota"
"11783","3d9bd041d29627bdc3f12b59ee03a602","Eukaryota_Metazoa_Ecdysozoa_Arthropoda_Crustacea_Maxillopoda_Copepoda_Calanoida_Metridinidae","254Chuni_341_236_S20_L001",28,"Eukaryota(91.08);Metazoa(91.08);Ecdysozoa(91.08);Arthropoda(91.08);Crustacea(91.08);Maxillopoda(91.08);Copepoda(91.08);Calanoida(91.08);Metridinidae(72.91);Gaussia(18.23);Gaussia princeps (18.23);","Eukaryota"
"15312","2c2c86b89da25d56756752ff40222b70","Eukaryota_Metazoa_Ecdysozoa_Arthropoda_Crustacea_Maxillopoda_Copepoda_Calanoida","260Apole_364_213_S26_L001",291,"Eukaryota(90.62);Metazoa(72.52);Ecdysozoa(72.52);Arthropoda(72.52);Crustacea(72.52);Maxillopoda(72.52);Copepoda(72.52);Calanoida(72.52);Scolecitrichidae(54.42);Scolecithricella(18.22);Scolecithricella longispinosa(18.22);","Eukaryota"
"1534","981b923ed84fcd6fa90a1fce603b8f74","Eukaryota_Metazoa_Ecdysozoa_Arthropoda_Crustacea_Maxillopoda_Copepoda_Calanoida","260Apole_364_213_S26_L001",185,"Eukaryota(90.62);Metazoa(72.52);Ecdysozoa(72.52);Arthropoda(72.52);Crustacea(72.52);Maxillopoda(72.52);Copepoda(72.52);Calanoida(72.52);Scolecitrichidae(54.42);Scolecithricella(18.22);Scolecithricella longispinosa(18.22);","Eukaryota"
"1653","2c2c86b89da25d56756752ff40222b70","Eukaryota_Metazoa_Ecdysozoa_Arthropoda_Crustacea_Maxillopoda_Copepoda_Calanoida","262Forsk_340_237_S28_L001",84,"Eukaryota(90.62);Metazoa(72.52);Ecdysozoa(72.52);Arthropoda(72.52);Crustacea(72.52);Maxillopoda(72.52);Copepoda(72.52);Calanoida(72.52);Scolecitrichidae(54.42);Scolecithricella(18.22);Scolecithricella longispinosa(18.22);","Eukaryota"
"531","13bd67f026c82a82c3b77a9a3c5b78f4","Eukaryota_Metazoa_Ecdysozoa_Arthropoda","227Halis_379_198_S1_L001",6,"Eukaryota(89.15);Metazoa(89.15);Ecdysozoa(89.15);Arthropoda(89.15);Crustacea(89.15);Malacostraca(89.15);Eumalacostraca(89.15);Peracarida(89.15);Mysidacea(89.15);Lophogastrida(89.15);Eucopiidae(91.47);Eucopia(36.22);Eucopia sp. TS-2005(18.29);","Eukaryota"
"561","12d085c70908474919f5b1d353668ffa","Eukaryota_Metazoa_Ecdysozoa_Arthropoda","227Halis_379_198_S1_L001",4,"Eukaryota(89.15);Metazoa(89.15);Ecdysozoa(89.15);Arthropoda(89.15);Crustacea(89.15);Malacostraca(89.15);Eumalacostraca(89.15);Peracarida(89.15);Mysidacea(89.15);Lophogastrida(89.15);Eucopiidae(91.47);Eucopia(36.22);Eucopia sp. TS-2005(18.29);","Eukaryota"
"3721","2c2c86b89da25d56756752ff40222b70","Eukaryota_Metazoa_Ecdysozoa_Arthropoda_Crustacea_Maxillopoda_Copepoda_Calanoida","241Lensi_307_270_S7_L001",76,"Eukaryota(90.62);Metazoa(72.52);Ecdysozoa(72.52);Arthropoda(72.52);Crustacea(72.52);Maxillopoda(72.52);Copepoda(72.52);Calanoida(72.52);Scolecitrichidae(54.42);Scolecithricella(18.22);Scolecithricella longispinosa(18.22);","Eukaryota"
"382","3cfc325f0b2ce3435c69ce6f08be505c","Eukaryota_Metazoa_Ecdysozoa_Arthropoda_Crustacea_Maxillopoda_Copepoda_Calanoida_Clausocalanidae_Clausocalanus_Clausocalanus furcatus","241Lensi_307_270_S7_L001",41,"Eukaryota(91.78);environmental samples(91.78);uncultured eukaryote(91.78);","Eukaryota"
"6161","2c2c86b89da25d56756752ff40222b70","Eukaryota_Metazoa_Ecdysozoa_Arthropoda_Crustacea_Maxillopoda_Copepoda_Calanoida","245Diphy_354_223_S11_L001",8,"Eukaryota(90.62);Metazoa(72.52);Ecdysozoa(72.52);Arthropoda(72.52);Crustacea(72.52);Maxillopoda(72.52);Copepoda(72.52);Calanoida(72.52);Scolecitrichidae(54.42);Scolecithricella(18.22);Scolecithricella longispinosa(18.22);","Eukaryota"
"1169","d6c766710abe9fa0fbaf7d071588c779","Eukaryota_Metazoa_Ecdysozoa_Arthropoda_Crustacea_Maxillopoda_Copepoda_Calanoida","254Chuni_341_236_S20_L001",21,"Eukaryota(91.66);Metazoa(55.07);Ecdysozoa(55.07);Arthropoda(55.07);Crustacea(55.07);Maxillopoda(55.07);Copepoda(55.07);Calanoida(55.07);Scolecitrichidae(36.71);Scolecithrix(18.35);Scolecithrix danae(18.35);","Eukaryota"
"117811","3d9bd041d29627bdc3f12b59ee03a602","Eukaryota_Metazoa_Ecdysozoa_Arthropoda_Crustacea_Maxillopoda_Copepoda_Calanoida_Metridinidae","254Chuni_341_236_S20_L001",28,"Eukaryota(91.08);Metazoa(91.08);Ecdysozoa(91.08);Arthropoda(91.08);Crustacea(91.08);Maxillopoda(91.08);Copepoda(91.08);Calanoida(91.08);Metridinidae(72.91);Gaussia(18.23);Gaussia princeps (18.23);","Eukaryota"
"153111","2c2c86b89da25d56756752ff40222b70","Eukaryota_Metazoa_Ecdysozoa_Arthropoda_Crustacea_Maxillopoda_Copepoda_Calanoida","260Apole_364_213_S26_L001",291,"Eukaryota(90.62);Metazoa(72.52);Ecdysozoa(72.52);Arthropoda(72.52);Crustacea(72.52);Maxillopoda(72.52);Copepoda(72.52);Calanoida(72.52);Scolecitrichidae(54.42);Scolecithricella(18.22);Scolecithricella longispinosa(18.22);","Eukaryota"
"15341","981b923ed84fcd6fa90a1fce603b8f74","Eukaryota_Metazoa_Ecdysozoa_Arthropoda_Crustacea_Maxillopoda_Copepoda_Calanoida","260Apole_364_213_S26_L001",185,"Eukaryota(90.62);Metazoa(72.52);Ecdysozoa(72.52);Arthropoda(72.52);Crustacea(72.52);Maxillopoda(72.52);Copepoda(72.52);Calanoida(72.52);Scolecitrichidae(54.42);Scolecithricella(18.22);Scolecithricella longispinosa(18.22);","Eukaryota"
"16531","2c2c86b89da25d56756752ff40222b70","Eukaryota_Metazoa_Ecdysozoa_Arthropoda_Crustacea_Maxillopoda_Copepoda_Calanoida","262Forsk_340_237_S28_L001",84,"Eukaryota(90.62);Metazoa(72.52);Ecdysozoa(72.52);Arthropoda(72.52);Crustacea(72.52);Maxillopoda(72.52);Copepoda(72.52);Calanoida(72.52);Scolecitrichidae(54.42);Scolecithricella(18.22);Scolecithricella longispinosa(18.22);","Eukaryota"
"1657","d6c766710abe9fa0fbaf7d071588c779","Eukaryota_Metazoa_Ecdysozoa_Arthropoda_Crustacea_Maxillopoda_Copepoda_Calanoida","262Forsk_340_237_S28_L001",82,"Eukaryota(91.66);Metazoa(55.07);Ecdysozoa(55.07);Arthropoda(55.07);Crustacea(55.07);Maxillopoda(55.07);Copepoda(55.07);Calanoida(55.07);Scolecitrichidae(36.71);Scolecithrix(18.35);Scolecithrix danae(18.35);","Eukaryota"
"54","0","Eukaryota_Metazoa_Ecdysozoa_Arthropoda_Crustacea_Maxillopoda_","109_Apolemia_372_205_S2_L001",559,NA,NA
"17302","0","Eukaryota_Metazoa_Chordata_Craniata_Vertebrata_Euteleostomi_Actinopterygii","167_Physalia_367_210_S42_L001",795,NA,NA
"1731","0","Eukaryota_Metazoa_Chordata_Craniata_Vertebrata_Euteleostomi_Actinopterygii","167_Physalia_367_210_S42_L001",738,NA,NA
"1771","0","Eukaryota_Metazoa_Ecdysozoa_Arthropoda_Crustacea_Malacostraca_Eumalacostraca","169_Physalia_355_222_S43_L001",1220,NA,NA
"1772","0","Eukaryota_Metazoa_Chordata_Craniata_Vertebrata_Euteleostomi_Actinopterygii","169_Physalia_355_222_S43_L001",121,NA,NA
"1773","0","Eukaryota_Metazoa_Chordata_Craniata_Vertebrata_Euteleostomi_Actinopterygii","169_Physalia_355_222_S43_L001",117,NA,NA
"1774","0","Eukaryota_Metazoa_Ecdysozoa_Arthropoda_Crustacea_Malacostraca_Eumalacostraca","169_Physalia_355_222_S43_L001",854,NA,NA
"1786","0","Eukaryota_Metazoa_Platyhelminthes_Trematoda_Digenea_Azygiida_Hemiuroidea","169_Physalia_355_222_S43_L001",102,NA,NA
"1787","0","Eukaryota_Metazoa_Platyhelminthes_Trematoda_Digenea_Azygiida_Hemiuroidea","169_Physalia_355_222_S43_L001",100,NA,NA
"17301","0","Eukaryota_Metazoa_Chordata_Craniata_Vertebrata_Euteleostomi_Actinopterygii","167_Physalia_367_210_S42_L001",795,NA,NA
"17311","0","Eukaryota_Metazoa_Chordata_Craniata_Vertebrata_Euteleostomi_Actinopterygii","167_Physalia_367_210_S42_L001",738,NA,NA
"17711","0","Eukaryota_Metazoa_Ecdysozoa_Arthropoda_Crustacea_Malacostraca_Eumalacostraca","169_Physalia_355_222_S43_L001",1220,NA,NA
"17721","0","Eukaryota_Metazoa_Chordata_Craniata_Vertebrata_Euteleostomi_Actinopterygii","169_Physalia_355_222_S43_L001",121,NA,NA
"17731","0","Eukaryota_Metazoa_Chordata_Craniata_Vertebrata_Euteleostomi_Actinopterygii","169_Physalia_355_222_S43_L001",117,NA,NA
"17741","0","Eukaryota_Metazoa_Ecdysozoa_Arthropoda_Crustacea_Malacostraca_Eumalacostraca","169_Physalia_355_222_S43_L001",854,NA,NA
"17861","0","Eukaryota_Metazoa_Platyhelminthes_Trematoda_Digenea_Azygiida_Hemiuroidea","169_Physalia_355_222_S43_L001",102,NA,NA
"17871","0","Eukaryota_Metazoa_Platyhelminthes_Trematoda_Digenea_Azygiida_Hemiuroidea","169_Physalia_355_222_S43_L001",100,NA,NA
"1824","0","Eukaryota_Metazoa_Chordata_Craniata","170_Physalia_343_234_S44_L001",216,NA,NA
"825","04a123d6bb5910700df916b94b5a0f57","Eukaryota_Metazoa_Ecdysozoa_Arthropoda_Crustacea_Malacostraca_Eumalacostraca_Eucarida_Decapoda_Dendrobranchiata_Sergestoidea","210_Lych_334_243_S21_L001",993,NA,NA
"827","506c726359c1809cdb67ca7cb0fff843","Eukaryota_Metazoa_Ecdysozoa_Arthropoda_Crustacea_Malacostraca_Eumalacostraca_Eucarida_Decapoda_Dendrobranchiata_Sergestoidea","210_Lych_334_243_S21_L001",877,NA,NA
"1327","d1f823d406cee464820b009efd2cfb5f","Eukaryota_Metazoa_Chordata_Tunicata_Thaliacea_Salpida_Salpidae","221_Diph_297_280_S32_L001",14,NA,NA
"1430","c5956a4825552f7107181251735c29cc","Eukaryota_Metazoa_Ecdysozoa_Arthropoda_Crustacea_Malacostraca_Eumalacostraca_Eucarida_Euphausiacea_Euphausiidae","225_Nano_344_233_S36_L001",457,NA,NA
"1431","dd845e2bd707861c84f00da5e8028ec2","Eukaryota_Metazoa_Ecdysozoa_Arthropoda_Crustacea_Malacostraca_Eumalacostraca_Eucarida_Euphausiacea_Euphausiidae","225_Nano_344_233_S36_L001",381,NA,NA
"1451","34b717e02c0b52a5fc00c8a1074492a2","Eukaryota_Metazoa_Ecdysozoa_Arthropoda_Crustacea_Malacostraca_Eumalacostraca_Eucarida","225_Nano_344_233_S36_L001",23,NA,NA
"1462","6a4499f709891ec1a8d0f5717f521432","Eukaryota_Metazoa_Ecdysozoa_Arthropoda_Crustacea_Malacostraca_Eumalacostraca_Eucarida","225_Nano_344_233_S36_L001",4,NA,NA
"47","cdf9fee210c1acfaa4d60ee3c47800e2","Eukaryota_Metazoa_Ecdysozoa_Arthropoda","180_Reso_372_205_S2_L001",22,NA,NA
"89","c03d531fdfb4a5673501d31fd3ab2a83","Eukaryota_Metazoa_Ecdysozoa_Arthropoda","184_Barg_360_217_S3_L001",4783,NA,NA
"90","cdf9fee210c1acfaa4d60ee3c47800e2","Eukaryota_Metazoa_Ecdysozoa_Arthropoda","184_Barg_360_217_S3_L001",3847,NA,NA
"101","d416cb1ae87a3580180f9b8e75d56d84","Eukaryota_Metazoa_Ecdysozoa_Nematoda_Chromadorea_Tylenchida_Tylenchina_Tylenchoidea_Hoplolaimidae_Rotylenchulinae_Rotylenchus","184_Barg_360_217_S3_L001",181,NA,NA
"132","c03d531fdfb4a5673501d31fd3ab2a83","Eukaryota_Metazoa_Ecdysozoa_Arthropoda","185_Barg_348_229_S4_L001",264,NA,NA
"133","cdf9fee210c1acfaa4d60ee3c47800e2","Eukaryota_Metazoa_Ecdysozoa_Arthropoda","185_Barg_348_229_S4_L001",225,NA,NA
"192","0bfad0cbb9323b10755f665860bce882","Eukaryota_Metazoa_Chordata_Craniata","186_Reso_336_241_S5_L001",50,NA,NA
"218","c03d531fdfb4a5673501d31fd3ab2a83","Eukaryota_Metazoa_Ecdysozoa_Arthropoda","188_Barg_324_253_S6_L001",138,NA,NA
"219","cdf9fee210c1acfaa4d60ee3c47800e2","Eukaryota_Metazoa_Ecdysozoa_Arthropoda","188_Barg_324_253_S6_L001",152,NA,NA
"261","c03d531fdfb4a5673501d31fd3ab2a83","Eukaryota_Metazoa_Ecdysozoa_Arthropoda","189_Barg_312_265_S7_L001",84,NA,NA
"262","cdf9fee210c1acfaa4d60ee3c47800e2","Eukaryota_Metazoa_Ecdysozoa_Arthropoda","189_Barg_312_265_S7_L001",73,NA,NA
"273","d416cb1ae87a3580180f9b8e75d56d84","Eukaryota_Metazoa_Ecdysozoa_Nematoda_Chromadorea_Tylenchida_Tylenchina_Tylenchoidea_Hoplolaimidae_Rotylenchulinae_Rotylenchus","189_Barg_312_265_S7_L001",30,NA,NA
"278","0bfad0cbb9323b10755f665860bce882","Eukaryota_Metazoa_Chordata_Craniata","189_Barg_312_265_S7_L001",28,NA,NA
"285","3f1da4a10984e07bee29ae79e7f62039","Eukaryota_Metazoa_Chordata_Craniata","189_Barg_312_265_S7_L001",16,NA,NA
"297","0060c9af70be2f4f8e08ce6dcf9e891e","Eukaryota_Metazoa_Ecdysozoa_Arthropoda_Crustacea_Maxillopoda_Copepoda_Calanoida","189_Barg_312_265_S7_L001",13,NA,NA
"347","c03d531fdfb4a5673501d31fd3ab2a83","Eukaryota_Metazoa_Ecdysozoa_Arthropoda","191_Marr_383_194_S9_L001",41,NA,NA
"348","cdf9fee210c1acfaa4d60ee3c47800e2","Eukaryota_Metazoa_Ecdysozoa_Arthropoda","191_Marr_383_194_S9_L001",32,NA,NA
"390","c03d531fdfb4a5673501d31fd3ab2a83","Eukaryota_Metazoa_Ecdysozoa_Arthropoda","193_Reso_371_206_S10_L001",372,NA,NA
"391","cdf9fee210c1acfaa4d60ee3c47800e2","Eukaryota_Metazoa_Ecdysozoa_Arthropoda","193_Reso_371_206_S10_L001",386,NA,NA
"433","c03d531fdfb4a5673501d31fd3ab2a83","Eukaryota_Metazoa_Ecdysozoa_Arthropoda","200_Fril_359_218_S11_L001",37,NA,NA
"434","cdf9fee210c1acfaa4d60ee3c47800e2","Eukaryota_Metazoa_Ecdysozoa_Arthropoda","200_Fril_359_218_S11_L001",26,NA,NA
"450","0bfad0cbb9323b10755f665860bce882","Eukaryota_Metazoa_Chordata_Craniata","200_Fril_359_218_S11_L001",22,NA,NA
"457","3f1da4a10984e07bee29ae79e7f62039","Eukaryota_Metazoa_Chordata_Craniata","200_Fril_359_218_S11_L001",27,NA,NA
"820","c03d531fdfb4a5673501d31fd3ab2a83","Eukaryota_Metazoa_Ecdysozoa_Arthropoda","210_Lych_334_243_S21_L001",108,NA,NA
"821","cdf9fee210c1acfaa4d60ee3c47800e2","Eukaryota_Metazoa_Ecdysozoa_Arthropoda","210_Lych_334_243_S21_L001",93,NA,NA
"8251","04a123d6bb5910700df916b94b5a0f57","Eukaryota_Metazoa_Ecdysozoa_Arthropoda_Crustacea_Malacostraca_Eumalacostraca_Eucarida_Decapoda_Dendrobranchiata_Sergestoidea","210_Lych_334_243_S21_L001",993,NA,NA
"8271","506c726359c1809cdb67ca7cb0fff843","Eukaryota_Metazoa_Ecdysozoa_Arthropoda_Crustacea_Malacostraca_Eumalacostraca_Eucarida_Decapoda_Dendrobranchiata_Sergestoidea","210_Lych_334_243_S21_L001",877,NA,NA
"13271","d1f823d406cee464820b009efd2cfb5f","Eukaryota_Metazoa_Chordata_Tunicata_Thaliacea_Salpida_Salpidae","221_Diph_297_280_S32_L001",14,NA,NA
"14301","c5956a4825552f7107181251735c29cc","Eukaryota_Metazoa_Ecdysozoa_Arthropoda_Crustacea_Malacostraca_Eumalacostraca","225_Nano_344_233_S36_L001",457,NA,NA
"14311","dd845e2bd707861c84f00da5e8028ec2","Eukaryota_Metazoa_Ecdysozoa_Arthropoda_Crustacea_Malacostraca_Eumalacostraca","225_Nano_344_233_S36_L001",381,NA,NA
"14511","34b717e02c0b52a5fc00c8a1074492a2","Eukaryota_Metazoa_Ecdysozoa_Arthropoda_Crustacea_Malacostraca_Eumalacostraca","225_Nano_344_233_S36_L001",23,NA,NA
"14621","6a4499f709891ec1a8d0f5717f521432","Eukaryota_Metazoa_Ecdysozoa_Arthropoda_Crustacea_Malacostraca","225_Nano_344_233_S36_L001",4,NA,NA
"1637","c03d531fdfb4a5673501d31fd3ab2a83","Eukaryota_Metazoa_Ecdysozoa_Arthropoda","232_Barg_379_198_S41_L001",373,NA,NA
"1638","cdf9fee210c1acfaa4d60ee3c47800e2","Eukaryota_Metazoa_Ecdysozoa_Arthropoda","232_Barg_379_198_S41_L001",328,NA,NA
"1649","d416cb1ae87a3580180f9b8e75d56d84","Eukaryota_Metazoa_Ecdysozoa_Nematoda_Chromadorea_Tylenchida_Tylenchina_Tylenchoidea_Hoplolaimidae_Rotylenchulinae_Rotylenchus","232_Barg_379_198_S41_L001",45,NA,NA
"387","ad2540c19e0f8a924af6a244be89562a","Eukaryota_Metazoa_Ecdysozoa_Arthropoda_Crustacea_Maxillopoda_Copepoda_Calanoida","262Forsk_340_237_S28_L001",112,"Eukaryota(91.57);Metazoa(91.57);Ecdysozoa(91.57);Arthropoda(91.57);Crustacea(91.57);Maxillopoda(91.57);Copepoda(91.57);Calanoida(91.57);Aetideidae(36.72);Undeuchaeta(18.36);Undeuchaeta major(18.36);","Eukaryota"
"26","92bcf79c962d96362c4216f844d11fd0","Eukaryota_Metazoa_Chordata_Craniata","228Nanom_367_210_S2_L001",5,"Eukaryota(92.10);Metazoa(92.10);Cnidaria(18.42);Anthozoa(18.42);Hexacorallia(18.42);Actiniaria(18.42);Nynantheae(18.42);Actiniidae(18.42);Anthopleura(18.42);Anthopleura elegantissima (18.42);","Eukaryota"
"60","c92caaff9f6e23078b2d6d17f631451f","Eukaryota_Metazoa_Ecdysozoa_Arthropoda","235bApol_331_246_S5_L001",3244,"Eukaryota(88.70);Metazoa(88.70);Ecdysozoa(88.70);Arthropoda(88.70);Crustacea(88.70);Maxillopoda(88.70);Pentastomida(88.70);Porocephalida(88.70);Linguatulidae(53.22);Linguatula(53.22);Linguatula serrata(0);","Eukaryota"
"3821","c92caaff9f6e23078b2d6d17f631451f","Eukaryota_Metazoa_Ecdysozoa_Arthropoda","262Forsk_340_237_S28_L001",99,"Eukaryota(88.70);Metazoa(88.70);Ecdysozoa(88.70);Arthropoda(88.70);Crustacea(88.70);Maxillopoda(88.70);Pentastomida(88.70);Porocephalida(88.70);Linguatulidae(53.22);Linguatula(53.22);Linguatula serrata(0);","Eukaryota"
"3871","ad2540c19e0f8a924af6a244be89562a","Eukaryota_Metazoa_Ecdysozoa_Arthropoda_Crustacea_Maxillopoda_Copepoda_Calanoida","262Forsk_340_237_S28_L001",112,"Eukaryota(91.57);Metazoa(91.57);Ecdysozoa(91.57);Arthropoda(91.57);Crustacea(91.57);Maxillopoda(91.57);Copepoda(91.57);Calanoida(91.57);Aetideidae(36.72);Undeuchaeta(18.36);Undeuchaeta major(18.36);","Eukaryota"
"388","efcd0b1e3c39b086810cc39d70612a8e","Eukaryota_Metazoa_Ecdysozoa_Arthropoda_Crustacea_Maxillopoda_Copepoda_Calanoida","262Forsk_340_237_S28_L001",72,"Eukaryota(91.22);Metazoa(54.79);Ecdysozoa(54.79);Arthropoda(54.79);Crustacea(54.79);Maxillopoda(54.79);Copepoda(54.79);Calanoida(54.79);Scolecitrichidae(18.41);Scolecithricella(18.41);Scolecithricella longispinosa(18.41);","Eukaryota"
"118","0","Eukaryota_Metazoa_Chordata_Craniata_Vertebrata_Euteleostomi_","110_Vogtia_360_217_S3_L001",18,NA,NA
"452","0","Eukaryota_Metazoa_Ecdysozoa_Arthropoda_Crustacea_Maxillopoda_Copepoda","116_Nanomia_383_194_S9_L001",1052,NA,NA
"734","0","Eukaryota_Metazoa_Chordata_Craniata_Vertebrata_Euteleostomi_","121_Muggiaea_323_254_S14_L001",11,NA,NA
"1014","0","Eukaryota_Metazoa_Chordata_Craniata_Vertebrata_Euteleostomi_","126_Nanomia_358_219_S19_L001",49,NA,NA
"1070","0","Eukaryota_Metazoa_Chordata_Craniata_Vertebrata_Euteleostomi_","127_Sphaeronectes_346_231_S20_L001",72,NA,NA
"1099","0","Eukaryota_Metazoa_Ecdysozoa_Nematoda_Chromadorea_Rhabditida_Rhabditoidea","127_Sphaeronectes_346_231_S20_L001",25,NA,NA
"1109","0","Eukaryota_Metazoa_Ecdysozoa_Nematoda_Chromadorea_Rhabditida_Rhabditoidea","127_Sphaeronectes_346_231_S20_L001",11,NA,NA
"1126","0","Eukaryota_Metazoa_Chordata_Craniata_Vertebrata_Euteleostomi_","128_Sphaeronectes_334_243_S21_L001",37,NA,NA
"1136","0","Eukaryota_Metazoa_Ecdysozoa_Arthropoda_Crustacea_Malacostraca_Eumalacostraca","128_Sphaeronectes_334_243_S21_L001",28,NA,NA
"2302","0","Eukaryota_Metazoa_Chordata_Craniata_Vertebrata_Euteleostomi_","167_Physalia_367_210_S42_L001",540,NA,NA
"2358","0","Eukaryota_Metazoa_Chordata_Craniata_Vertebrata_Euteleostomi_","169_Physalia_355_222_S43_L001",80,NA,NA
"2359","0","Eukaryota_Metazoa_Ecdysozoa_Arthropoda_Crustacea_Malacostraca_Eumalacostraca","169_Physalia_355_222_S43_L001",507,NA,NA
"2367","0","Eukaryota_Metazoa_Platyhelminthes_Trematoda_Digenea","169_Physalia_355_222_S43_L001",139,NA,NA
"2368","0","Eukaryota_Metazoa_Ecdysozoa_Arthropoda_Crustacea_Malacostraca_Eumalacostraca","169_Physalia_355_222_S43_L001",87,NA,NA
"2370","0","Eukaryota_Metazoa_Platyhelminthes_Trematoda_Digenea","169_Physalia_355_222_S43_L001",93,NA,NA
"2388","0","Eukaryota_Metazoa_Platyhelminthes_Trematoda_Digenea_Azygiida_Hemiuroidea","169_Physalia_355_222_S43_L001",21,NA,NA
"1181","0","Eukaryota_Metazoa_Chordata_Craniata_Vertebrata_Euteleostomi_","110_Vogtia_360_217_S3_L001",18,NA,NA
"4521","0","Eukaryota_Metazoa_Ecdysozoa_Arthropoda_Crustacea_Maxillopoda_Copepoda","116_Nanomia_383_194_S9_L001",1052,NA,NA
"7341","0","Eukaryota_Metazoa_Chordata_Craniata_Vertebrata_Euteleostomi_","121_Muggiaea_323_254_S14_L001",11,NA,NA
"10141","0","Eukaryota_Metazoa_Chordata_Craniata_Vertebrata_Euteleostomi_","126_Nanomia_358_219_S19_L001",49,NA,NA
"10701","0","Eukaryota_Metazoa_Chordata_Craniata_Vertebrata_Euteleostomi_","127_Sphaeronectes_346_231_S20_L001",72,NA,NA
"10991","0","Eukaryota_Metazoa_Ecdysozoa_Nematoda_Chromadorea_Rhabditida_Rhabditoidea","127_Sphaeronectes_346_231_S20_L001",25,NA,NA
"11091","0","Eukaryota_Metazoa_Ecdysozoa_Nematoda_Chromadorea_Rhabditida_Rhabditoidea","127_Sphaeronectes_346_231_S20_L001",11,NA,NA
"11261","0","Eukaryota_Metazoa_Chordata_Craniata_Vertebrata_Euteleostomi_","128_Sphaeronectes_334_243_S21_L001",37,NA,NA
"11361","0","Eukaryota_Metazoa_Ecdysozoa_Arthropoda_Crustacea_Malacostraca_Eumalacostraca","128_Sphaeronectes_334_243_S21_L001",28,NA,NA
"1145","0","Eukaryota_Metazoa_Chordata_Craniata","128_Sphaeronectes_334_243_S21_L001",29,NA,NA
"23021","0","Eukaryota_Metazoa_Chordata_Craniata_Vertebrata_Euteleostomi_","167_Physalia_367_210_S42_L001",540,NA,NA
"2321","0","Eukaryota_Metazoa_Chordata_Craniata","167_Physalia_367_210_S42_L001",13,NA,NA
"23581","0","Eukaryota_Metazoa_Chordata_Craniata_Vertebrata_Euteleostomi_","169_Physalia_355_222_S43_L001",80,NA,NA
"23591","0","Eukaryota_Metazoa_Ecdysozoa_Arthropoda_Crustacea_Malacostraca_Eumalacostraca","169_Physalia_355_222_S43_L001",507,NA,NA
"23671","0","Eukaryota_Metazoa_Platyhelminthes_Trematoda_Digenea","169_Physalia_355_222_S43_L001",139,NA,NA
"23681","0","Eukaryota_Metazoa_Ecdysozoa_Arthropoda_Crustacea_Malacostraca_Eumalacostraca","169_Physalia_355_222_S43_L001",87,NA,NA
"23701","0","Eukaryota_Metazoa_Platyhelminthes_Trematoda_Digenea","169_Physalia_355_222_S43_L001",93,NA,NA
"23881","0","Eukaryota_Metazoa_Platyhelminthes_Trematoda_Digenea_Azygiida_Hemiuroidea","169_Physalia_355_222_S43_L001",21,NA,NA
"7342","278e0e9161d5fd9d2d67bc81c87bb9bb","Eukaryota_Metazoa_Ecdysozoa_Arthropoda_Crustacea_Malacostraca_Eumalacostraca_Eucarida_Decapoda_Dendrobranchiata_Sergestoidea","210_Lych_334_243_S21_L001",13875,NA,NA
"741","adac85cf596e5c6fe19a2d8af042b5de","Eukaryota_Metazoa_Ecdysozoa_Arthropoda_Crustacea_Malacostraca_Eumalacostraca_Eucarida_Decapoda_Dendrobranchiata_Sergestoidea","210_Lych_334_243_S21_L001",172,NA,NA
"761","1f9f3b6f8ebba77d3f5f2fdf96cbaa72","Eukaryota_Metazoa_Ecdysozoa_Arthropoda_Crustacea_Malacostraca_Eumalacostraca_Eucarida_Decapoda_Dendrobranchiata","210_Lych_334_243_S21_L001",21,NA,NA
"778","4294ad1f0fb128602c3f65cede563789","Eukaryota_Metazoa_Ecdysozoa_Arthropoda_Crustacea_Malacostraca_Eumalacostraca_Eucarida_Euphausiacea_Euphausiidae","211_Apol_322_255_S22_L001",297,NA,NA
"1079","4294ad1f0fb128602c3f65cede563789","Eukaryota_Metazoa_Ecdysozoa_Arthropoda_Crustacea_Malacostraca_Eumalacostraca_Eucarida_Euphausiacea_Euphausiidae","218_Diph_333_244_S29_L001",35,NA,NA
"1337","4294ad1f0fb128602c3f65cede563789","Eukaryota_Metazoa_Ecdysozoa_Arthropoda_Crustacea_Malacostraca_Eumalacostraca_Eucarida_Euphausiacea_Euphausiidae","225_Nano_344_233_S36_L001",7158,NA,NA
"13612","037f4e98598b1250f4988ae76af97d71","Eukaryota_Metazoa_Ecdysozoa_Arthropoda_Crustacea_Malacostraca_Eumalacostraca_Eucarida","225_Nano_344_233_S36_L001",22,NA,NA
"1418","7abef88af2254f14193d631d63b6d3b2","Eukaryota_Metazoa_Ecdysozoa_Arthropoda_Crustacea_Maxillopoda_Copepoda_Calanoida","226_Desm_332_245_S37_L001",4,NA,NA
"1362","d65d11c1a4761728ac90f791fceb069d","Eukaryota_Metazoa_Ecdysozoa_Arthropoda_Crustacea_Maxillopoda_Copepoda_Calanoida","186_Reso_336_241_S5_L001",425,NA,NA
"143","9ecc342e6fb43fd308b4ebb5adec50ee","Eukaryota_Metazoa_Chordata_Craniata","186_Reso_336_241_S5_L001",60,NA,NA
"145","3bc056ea32ddc6c5f9c3e9be7b347aee","Eukaryota_Metazoa_Chordata_Craniata","186_Reso_336_241_S5_L001",40,NA,NA
"2222","d65d11c1a4761728ac90f791fceb069d","Eukaryota_Metazoa_Ecdysozoa_Arthropoda_Crustacea_Maxillopoda_Copepoda_Calanoida","189_Barg_312_265_S7_L001",833,NA,NA
"229","9ecc342e6fb43fd308b4ebb5adec50ee","Eukaryota_Metazoa_Chordata_Craniata","189_Barg_312_265_S7_L001",38,NA,NA
"231","3bc056ea32ddc6c5f9c3e9be7b347aee","Eukaryota_Metazoa_Chordata_Craniata","189_Barg_312_265_S7_L001",48,NA,NA
"437","d65d11c1a4761728ac90f791fceb069d","Eukaryota_Metazoa_Ecdysozoa_Arthropoda_Crustacea_Maxillopoda_Copepoda_Calanoida","202_Apol_335_242_S13_L001",143,NA,NA
"442","cfed83daeca2188be93d8458bea8fb40","Eukaryota_Metazoa_Ecdysozoa_Arthropoda_Crustacea_Maxillopoda_Copepoda_Calanoida_Eucalanidae","202_Apol_335_242_S13_L001",149,NA,NA
"73411","278e0e9161d5fd9d2d67bc81c87bb9bb","Eukaryota_Metazoa_Ecdysozoa_Arthropoda_Crustacea_Malacostraca_Eumalacostraca_Eucarida_Decapoda_Dendrobranchiata_Sergestoidea","210_Lych_334_243_S21_L001",13875,NA,NA
"7411","adac85cf596e5c6fe19a2d8af042b5de","Eukaryota_Metazoa_Ecdysozoa_Arthropoda_Crustacea_Malacostraca_Eumalacostraca_Eucarida_Decapoda_Dendrobranchiata_Sergestoidea","210_Lych_334_243_S21_L001",172,NA,NA
"7611","1f9f3b6f8ebba77d3f5f2fdf96cbaa72","Eukaryota_Metazoa_Ecdysozoa_Arthropoda_Crustacea_Malacostraca_Eumalacostraca_Eucarida_Decapoda","210_Lych_334_243_S21_L001",21,NA,NA
"7781","4294ad1f0fb128602c3f65cede563789","Eukaryota_Metazoa_Ecdysozoa_Arthropoda_Crustacea_Malacostraca_Eumalacostraca_Eucarida","211_Apol_322_255_S22_L001",297,NA,NA
"781","d65d11c1a4761728ac90f791fceb069d","Eukaryota_Metazoa_Ecdysozoa_Arthropoda_Crustacea_Maxillopoda_Copepoda_Calanoida","211_Apol_322_255_S22_L001",18,NA,NA
"10791","4294ad1f0fb128602c3f65cede563789","Eukaryota_Metazoa_Ecdysozoa_Arthropoda_Crustacea_Malacostraca_Eumalacostraca_Eucarida","218_Diph_333_244_S29_L001",35,NA,NA
"1230","b39352f98a4d5686886ebc6e35293fb4","Eukaryota_Metazoa_Chordata_Tunicata_Thaliacea_Salpida_Salpidae","221_Diph_297_280_S32_L001",26,NA,NA
"1231","3831957acdee8df9a05e9c60c2faa5fd","Eukaryota_Metazoa_Chordata_Tunicata_Thaliacea_Salpida_Salpidae","221_Diph_297_280_S32_L001",26,NA,NA
"13371","4294ad1f0fb128602c3f65cede563789","Eukaryota_Metazoa_Ecdysozoa_Arthropoda_Crustacea_Malacostraca_Eumalacostraca_Eucarida","225_Nano_344_233_S36_L001",7158,NA,NA
"13611","037f4e98598b1250f4988ae76af97d71","Eukaryota_Metazoa_Ecdysozoa_Arthropoda_Crustacea_Malacostraca_Eumalacostraca_Eucarida","225_Nano_344_233_S36_L001",22,NA,NA
"1388","cfed83daeca2188be93d8458bea8fb40","Eukaryota_Metazoa_Ecdysozoa_Arthropoda_Crustacea_Maxillopoda_Copepoda_Calanoida_Eucalanidae","226_Desm_332_245_S37_L001",8,NA,NA
"14181","7abef88af2254f14193d631d63b6d3b2","Eukaryota_Metazoa_Ecdysozoa_Arthropoda_Crustacea_Maxillopoda_Copepoda_Calanoida","226_Desm_332_245_S37_L001",4,NA,NA
"1569","5668f83844b33a184029ba65ee8d4a3d","Eukaryota_Metazoa_Ecdysozoa_Arthropoda_Crustacea_Maxillopoda_Copepoda","232_Barg_379_198_S41_L001",49,NA,NA
"3882","27895abcbf63a37e594a213d846ed88d","Eukaryota_Metazoa_Chordata_Tunicata_Thaliacea_Salpida_Salpidae","243Apole_378_199_S9_L001",73,"Eukaryota(92.13);Metazoa(92.13);Chordata(92.13);Tunicata(92.13);Thaliacea(92.13);Salpida(92.13);Salpidae(92.13);Cyclosalpa(37.05);Cyclosalpa affinis(18.52);","Eukaryota"
"389","54a2bee6b8b0eb3aeb7802d859c5664e","Eukaryota_Metazoa_Chordata_Tunicata_Thaliacea_Salpida_Salpidae","243Apole_378_199_S9_L001",70,"Eukaryota(92.13);Metazoa(92.13);Chordata(92.13);Tunicata(92.13);Thaliacea(92.13);Salpida(92.13);Salpidae(92.13);Cyclosalpa(37.05);Cyclosalpa affinis(18.52);","Eukaryota"
"912","e204fc0a00e5c0d6fdebe6513331efe8","Eukaryota_Metazoa_Ecdysozoa_Arthropoda_Crustacea_Maxillopoda_Copepoda_Calanoida_Metridinidae","254Chuni_341_236_S20_L001",46,"Eukaryota(89.50);Metazoa(71.56);Ecdysozoa(71.56);Arthropoda(71.56);Crustacea(71.56);Maxillopoda(71.56);Copepoda(71.56);Calanoida(71.56);Metridinidae(71.56);Gaussia(17.89);Gaussia princeps (0);","Eukaryota"
"1045","a6b6e9e6d59a82903181d2af5192ccb0","Eukaryota_Metazoa_Ecdysozoa_Arthropoda_Crustacea_Malacostraca_Eumalacostraca_Peracarida_Mysidacea_Mysida_Mysidae_Mysinae_","257Apole_305_272_S23_L001",84,"Eukaryota(92.44);Metazoa(92.44);Ecdysozoa(92.44);Arthropoda(92.44);Crustacea(92.44);Malacostraca(92.44);Eumalacostraca(92.44);Peracarida(92.44);Mysidacea(92.44);Mysida(92.44);Mysidae(92.44);Mysinae(92.44);Mysini(36.97);Praunus(18.48);Praunus flexuosus(18.48);","Eukaryota"
"1050","dfa3f4740a0442f556d30b0d069da507","Eukaryota_Metazoa_Ecdysozoa_Arthropoda_Crustacea_Malacostraca_Eumalacostraca_Peracarida_Mysidacea_Mysida_Mysidae_Mysinae_","257Apole_305_272_S23_L001",57,"Eukaryota(92.44);Metazoa(92.44);Ecdysozoa(92.44);Arthropoda(92.44);Crustacea(92.44);Malacostraca(92.44);Eumalacostraca(92.44);Peracarida(92.44);Mysidacea(92.44);Mysida(92.44);Mysidae(92.44);Mysinae(92.44);Mysini(36.97);Praunus(18.48);Praunus flexuosus(18.48);","Eukaryota"
"1237","7d242316ffb324b961e5c49e3a9f9229","Eukaryota_Metazoa_Cnidaria_Scyphozoa_Coronatae","261Sphae_352_225_S27_L001",61,"Eukaryota(92.30);Metazoa(92.30);Cnidaria(92.30);Scyphozoa(92.30);Coronatae(73.94);Nausithoidae(18.48);Nausithoe(18.48);Nausithoe atlantica(18.48);","Eukaryota"
"1240","16d8a9bce66b31c870dd846b823e2a89","Eukaryota_Metazoa_Cnidaria_Scyphozoa_Coronatae","261Sphae_352_225_S27_L001",47,"Eukaryota(92.30);Metazoa(92.30);Cnidaria(92.30);Scyphozoa(92.30);Coronatae(73.94);Nausithoidae(18.48);Nausithoe(18.48);Nausithoe atlantica(18.48);","Eukaryota"
"1304","028f9844eac180eee647c27cd6884615","Eukaryota_Metazoa_Lophotrochozoa_Annelida_Clitellata_Oligochaeta_Haplotaxida_Lumbricina_Aeolosomatidae","262Forsk_340_237_S28_L001",11,"Eukaryota(92.26);Metazoa(92.26);Lophotrochozoa(92.26);Annelida(92.26);Clitellata(73.99);Oligochaeta(73.99);Haplotaxida(73.99);Lumbricina(73.99);Aeolosomatidae(73.99);Aeolosoma(55.46);Aeolosoma viride(18.53);","Eukaryota"
"212","7bd2dacf777cbf8fb44d1c6f7c46d1c2","Eukaryota_Metazoa_Lophotrochozoa_Rotifera_Monogononta_Ploimida","235bApol_331_246_S5_L001",21,"Eukaryota(92.44);Metazoa(73.95);Lophotrochozoa(55.46);Rotifera(55.46);Monogononta(55.46);Ploimida(55.46);Lecanidae(55.46);Lecane(36.97);Lecane elsa(18.48);","Eukaryota"
"2851","8d80c1d4c0158676b369922c6ce45a4b","Eukaryota_Metazoa_Ecdysozoa_Arthropoda_Crustacea_Maxillopoda_Copepoda_Calanoida_Eucalanidae","241Lensi_307_270_S7_L001",311,"Eukaryota(91.58);environmental samples(91.58);uncultured eukaryote(91.58);","Eukaryota"
"3881","27895abcbf63a37e594a213d846ed88d","Eukaryota_Metazoa_Chordata_Tunicata_Thaliacea_Salpida_Salpidae","243Apole_378_199_S9_L001",73,"Eukaryota(92.13);Metazoa(92.13);Chordata(92.13);Tunicata(92.13);Thaliacea(92.13);Salpida(92.13);Salpidae(92.13);Cyclosalpa(37.05);Cyclosalpa affinis(18.52);","Eukaryota"
"3891","54a2bee6b8b0eb3aeb7802d859c5664e","Eukaryota_Metazoa_Chordata_Tunicata_Thaliacea_Salpida_Salpidae","243Apole_378_199_S9_L001",70,"Eukaryota(92.13);Metazoa(92.13);Chordata(92.13);Tunicata(92.13);Thaliacea(92.13);Salpida(92.13);Salpidae(92.13);Cyclosalpa(37.05);Cyclosalpa affinis(18.52);","Eukaryota"
"473","8d80c1d4c0158676b369922c6ce45a4b","Eukaryota_Metazoa_Ecdysozoa_Arthropoda_Crustacea_Maxillopoda_Copepoda_Calanoida_Eucalanidae","245Diphy_354_223_S11_L001",85,"Eukaryota(91.58);environmental samples(91.58);uncultured eukaryote(91.58);","Eukaryota"
"896","8d80c1d4c0158676b369922c6ce45a4b","Eukaryota_Metazoa_Ecdysozoa_Arthropoda_Crustacea_Maxillopoda_Copepoda_Calanoida_Eucalanidae","254Chuni_341_236_S20_L001",259,"Eukaryota(91.58);environmental samples(91.58);uncultured eukaryote(91.58);","Eukaryota"
"9121","e204fc0a00e5c0d6fdebe6513331efe8","Eukaryota_Metazoa_Ecdysozoa_Arthropoda_Crustacea_Maxillopoda_Copepoda_Calanoida_Metridinidae","254Chuni_341_236_S20_L001",46,"Eukaryota(89.50);Metazoa(71.56);Ecdysozoa(71.56);Arthropoda(71.56);Crustacea(71.56);Maxillopoda(71.56);Copepoda(71.56);Calanoida(71.56);Metridinidae(71.56);Gaussia(17.89);Gaussia princeps (0);","Eukaryota"
"10451","a6b6e9e6d59a82903181d2af5192ccb0","Eukaryota_Metazoa_Ecdysozoa_Arthropoda_Crustacea_Malacostraca_Eumalacostraca_Peracarida_Mysidacea_Mysida_Mysidae_Mysinae_","257Apole_305_272_S23_L001",84,"Eukaryota(92.44);Metazoa(92.44);Ecdysozoa(92.44);Arthropoda(92.44);Crustacea(92.44);Malacostraca(92.44);Eumalacostraca(92.44);Peracarida(92.44);Mysidacea(92.44);Mysida(92.44);Mysidae(92.44);Mysinae(92.44);Mysini(36.97);Praunus(18.48);Praunus flexuosus(18.48);","Eukaryota"
"10501","dfa3f4740a0442f556d30b0d069da507","Eukaryota_Metazoa_Ecdysozoa_Arthropoda_Crustacea_Malacostraca_Eumalacostraca_Peracarida_Mysidacea_Mysida_Mysidae_Mysinae_","257Apole_305_272_S23_L001",57,"Eukaryota(92.44);Metazoa(92.44);Ecdysozoa(92.44);Arthropoda(92.44);Crustacea(92.44);Malacostraca(92.44);Eumalacostraca(92.44);Peracarida(92.44);Mysidacea(92.44);Mysida(92.44);Mysidae(92.44);Mysinae(92.44);Mysini(36.97);Praunus(18.48);Praunus flexuosus(18.48);","Eukaryota"
"11784","8d80c1d4c0158676b369922c6ce45a4b","Eukaryota_Metazoa_Ecdysozoa_Arthropoda_Crustacea_Maxillopoda_Copepoda_Calanoida_Eucalanidae","260Apole_364_213_S26_L001",1181,"Eukaryota(91.58);environmental samples(91.58);uncultured eukaryote(91.58);","Eukaryota"
"12371","7d242316ffb324b961e5c49e3a9f9229","Eukaryota_Metazoa_Cnidaria_Scyphozoa","261Sphae_352_225_S27_L001",61,"Eukaryota(92.30);Metazoa(92.30);Cnidaria(92.30);Scyphozoa(92.30);Coronatae(73.94);Nausithoidae(18.48);Nausithoe(18.48);Nausithoe atlantica(18.48);","Eukaryota"
"12401","16d8a9bce66b31c870dd846b823e2a89","Eukaryota_Metazoa_Cnidaria_Scyphozoa","261Sphae_352_225_S27_L001",47,"Eukaryota(92.30);Metazoa(92.30);Cnidaria(92.30);Scyphozoa(92.30);Coronatae(73.94);Nausithoidae(18.48);Nausithoe(18.48);Nausithoe atlantica(18.48);","Eukaryota"
"1272","8d80c1d4c0158676b369922c6ce45a4b","Eukaryota_Metazoa_Ecdysozoa_Arthropoda_Crustacea_Maxillopoda_Copepoda_Calanoida_Eucalanidae","262Forsk_340_237_S28_L001",2018,"Eukaryota(91.58);environmental samples(91.58);uncultured eukaryote(91.58);","Eukaryota"
"1283","46cef90ef50f66fcdf40d5f2462f8d01","Eukaryota_Metazoa_Ecdysozoa_Arthropoda_Crustacea_Maxillopoda_Copepoda_Calanoida_Eucalanidae","262Forsk_340_237_S28_L001",68,"Eukaryota(91.86);Metazoa(55.14);Ecdysozoa(55.14);Arthropoda(55.14);Crustacea(55.14);Maxillopoda(55.14);Copepoda(55.14);Calanoida(55.14);Eucalanidae(36.76);Rhincalanus(18.38);Rhincalanus nasutus(18.38);","Eukaryota"
"13041","028f9844eac180eee647c27cd6884615","Eukaryota_Metazoa_Lophotrochozoa_Annelida_Clitellata_Oligochaeta_Haplotaxida_Lumbricina_Aeolosomatidae","262Forsk_340_237_S28_L001",11,"Eukaryota(92.26);Metazoa(92.26);Lophotrochozoa(92.26);Annelida(92.26);Clitellata(73.99);Oligochaeta(73.99);Haplotaxida(73.99);Lumbricina(73.99);Aeolosomatidae(73.99);Aeolosoma(55.46);Aeolosoma viride(18.53);","Eukaryota"
