"Feature_name"	"OTU"	"sample"	"abundance"	"run"	"barcode"	"database"	"Relative_IDs"	"IDs"
"1795a02fff90f3ee9820e34e7584ac96"	"Eukaryota_Metazoa_Ecdysozoa_Arthropoda_Crustacea_Maxillopoda_Copepoda_Calanoida_Centropagidae"	"269_Nano"	1282	"RUN4"	"134"	"SILVA"	"Eukaryota(90.64);Metazoa(90.64);Ecdysozoa(90.64);Arthropoda(90.64);Crustacea(90.64);Maxillopoda(90.64);Copepoda(90.64);Calanoida(90.64);Centropagidae(72.74);Centropages(54.74);Centropages hamatus(22.82);"	"Eukaryota;Metazoa;Ecdysozoa;Arthropoda;Crustacea;Maxillopoda;Copepoda;Calanoida;Centropagidae;"
"1795a02fff90f3ee9820e34e7584ac96"	"Eukaryota_Metazoa_Ecdysozoa_Arthropoda_Crustacea_Maxillopoda_Copepoda_Calanoida_Centropagidae"	"271_Nano"	9591	"RUN4"	"134"	"SILVA"	"Eukaryota(90.64);Metazoa(90.64);Ecdysozoa(90.64);Arthropoda(90.64);Crustacea(90.64);Maxillopoda(90.64);Copepoda(90.64);Calanoida(90.64);Centropagidae(72.74);Centropages(54.74);Centropages hamatus(22.82);"	"Eukaryota;Metazoa;Ecdysozoa;Arthropoda;Crustacea;Maxillopoda;Copepoda;Calanoida;Centropagidae;"
"5517b0f91a8ab903ada0735648493bae"	"Eukaryota_Metazoa_Ecdysozoa_Arthropoda_Crustacea_Maxillopoda_Copepoda_Calanoida_Centropagidae"	"271_Nano"	10420	"RUN4"	"134"	"SILVA"	"Eukaryota(90.64);Metazoa(90.64);Ecdysozoa(90.64);Arthropoda(90.64);Crustacea(90.64);Maxillopoda(90.64);Copepoda(90.64);Calanoida(90.64);Centropagidae(72.74);Centropages(54.74);Centropages hamatus(22.82);"	"Eukaryota;Metazoa;Ecdysozoa;Arthropoda;Crustacea;Maxillopoda;Copepoda;Calanoida;Centropagidae;"
"1795a02fff90f3ee9820e34e7584ac96"	"Eukaryota_Metazoa_Ecdysozoa_Arthropoda_Crustacea_Maxillopoda_Copepoda_Calanoida_Centropagidae"	"273_Nano"	294	"RUN4"	"134"	"SILVA"	"Eukaryota(90.64);Metazoa(90.64);Ecdysozoa(90.64);Arthropoda(90.64);Crustacea(90.64);Maxillopoda(90.64);Copepoda(90.64);Calanoida(90.64);Centropagidae(72.74);Centropages(54.74);Centropages hamatus(22.82);"	"Eukaryota;Metazoa;Ecdysozoa;Arthropoda;Crustacea;Maxillopoda;Copepoda;Calanoida;Centropagidae;"
"5517b0f91a8ab903ada0735648493bae"	"Eukaryota_Metazoa_Ecdysozoa_Arthropoda_Crustacea_Maxillopoda_Copepoda_Calanoida_Centropagidae"	"273_Nano"	341	"RUN4"	"134"	"SILVA"	"Eukaryota(90.64);Metazoa(90.64);Ecdysozoa(90.64);Arthropoda(90.64);Crustacea(90.64);Maxillopoda(90.64);Copepoda(90.64);Calanoida(90.64);Centropagidae(72.74);Centropages(54.74);Centropages hamatus(22.82);"	"Eukaryota;Metazoa;Ecdysozoa;Arthropoda;Crustacea;Maxillopoda;Copepoda;Calanoida;Centropagidae;"
"94a91bcf22e9c84f354674a3c7e9f9a1"	"Eukaryota_Metazoa_Platyhelminthes_Trematoda_Digenea_Plagiorchiida"	"274_Nano"	66	"RUN4"	"134"	"SILVA"	"Eukaryota(90.36);Metazoa(90.36);Platyhelminthes(90.36);Trematoda(90.36);Digenea(90.36);Plagiorchiida(72.25);Allocreadiata(18.19);Lepocreadioidea(18.19);Lepocreadiidae(18.19);Preptetos(18.19);Preptetos caballeroi(18.19);"	"Eukaryota;Metazoa;Platyhelminthes;Trematoda;Digenea;Plagiorchiida;"
"0513dc08cb07d0fde193b438e106d01d"	"Eukaryota_Metazoa_Platyhelminthes_Trematoda_Digenea_Plagiorchiida"	"274_Nano"	57	"RUN4"	"134"	"SILVA"	"Eukaryota(90.36);Metazoa(90.36);Platyhelminthes(90.36);Trematoda(90.36);Digenea(90.36);Plagiorchiida(72.25);Allocreadiata(18.19);Lepocreadioidea(18.19);Lepocreadiidae(18.19);Preptetos(18.19);Preptetos caballeroi(18.19);"	"Eukaryota;Metazoa;Platyhelminthes;Trematoda;Digenea;Plagiorchiida;"
"1795a02fff90f3ee9820e34e7584ac96"	"Eukaryota_Metazoa_Ecdysozoa_Arthropoda_Crustacea_Maxillopoda_Copepoda_Calanoida_Centropagidae"	"276_Sulc"	133	"RUN4"	"134"	"SILVA"	"Eukaryota(90.64);Metazoa(90.64);Ecdysozoa(90.64);Arthropoda(90.64);Crustacea(90.64);Maxillopoda(90.64);Copepoda(90.64);Calanoida(90.64);Centropagidae(72.74);Centropages(54.74);Centropages hamatus(22.82);"	"Eukaryota;Metazoa;Ecdysozoa;Arthropoda;Crustacea;Maxillopoda;Copepoda;Calanoida;Centropagidae;"
"5517b0f91a8ab903ada0735648493bae"	"Eukaryota_Metazoa_Ecdysozoa_Arthropoda_Crustacea_Maxillopoda_Copepoda_Calanoida_Centropagidae"	"276_Sulc"	126	"RUN4"	"134"	"SILVA"	"Eukaryota(90.64);Metazoa(90.64);Ecdysozoa(90.64);Arthropoda(90.64);Crustacea(90.64);Maxillopoda(90.64);Copepoda(90.64);Calanoida(90.64);Centropagidae(72.74);Centropages(54.74);Centropages hamatus(22.82);"	"Eukaryota;Metazoa;Ecdysozoa;Arthropoda;Crustacea;Maxillopoda;Copepoda;Calanoida;Centropagidae;"
"1795a02fff90f3ee9820e34e7584ac96"	"Eukaryota_Metazoa_Ecdysozoa_Arthropoda_Crustacea_Maxillopoda_Copepoda_Calanoida"	"269_Nano"	1282	"RUN4"	"134"	"GenBank"	"Eukaryota(90.64);Metazoa(90.64);Ecdysozoa(90.64);Arthropoda(90.64);Crustacea(90.64);Maxillopoda(90.64);Copepoda(90.64);Calanoida(90.64);Centropagidae(72.74);Centropages(54.74);Centropages hamatus(22.82);"	"Eukaryota;Metazoa;Ecdysozoa;Arthropoda;Crustacea;Maxillopoda;Copepoda;Calanoida;Centropagidae;"
"539ae1ce12f3af2140d878361d3cdfda"	"Eukaryota_Metazoa_Ecdysozoa_Arthropoda_Crustacea_Maxillopoda_Copepoda_Calanoida_Temoridae_Temora_Temora discaudata_NA"	"270_Nano"	1887	"RUN4"	"134"	"GenBank"	"Eukaryota(89.70);Metazoa(71.75);Ecdysozoa(53.84);Arthropoda(53.84);Crustacea(53.84);Maxillopoda(53.84);Copepoda(53.84);Calanoida(53.84);Temoridae(36.23);Temora(36.23);Temora discaudata(30.40);"	"Eukaryota;Metazoa;"
"8e2d23f2450dafd6c944c9eee2a9a027"	"Eukaryota_Metazoa_Ecdysozoa_Arthropoda_Crustacea_Maxillopoda_Copepoda_Calanoida_Temoridae_Temora_Temora discaudata_NA"	"270_Nano"	1997	"RUN4"	"134"	"GenBank"	"Eukaryota(89.70);Metazoa(71.75);Ecdysozoa(53.84);Arthropoda(53.84);Crustacea(53.84);Maxillopoda(53.84);Copepoda(53.84);Calanoida(53.84);Temoridae(36.23);Temora(36.23);Temora discaudata(30.40);"	"Eukaryota;Metazoa;"
"1795a02fff90f3ee9820e34e7584ac96"	"Eukaryota_Metazoa_Ecdysozoa_Arthropoda_Crustacea_Maxillopoda_Copepoda_Calanoida"	"271_Nano"	9591	"RUN4"	"134"	"GenBank"	"Eukaryota(90.64);Metazoa(90.64);Ecdysozoa(90.64);Arthropoda(90.64);Crustacea(90.64);Maxillopoda(90.64);Copepoda(90.64);Calanoida(90.64);Centropagidae(72.74);Centropages(54.74);Centropages hamatus(22.82);"	"Eukaryota;Metazoa;Ecdysozoa;Arthropoda;Crustacea;Maxillopoda;Copepoda;Calanoida;Centropagidae;"
"5517b0f91a8ab903ada0735648493bae"	"Eukaryota_Metazoa_Ecdysozoa_Arthropoda_Crustacea_Maxillopoda_Copepoda_Calanoida"	"271_Nano"	10420	"RUN4"	"134"	"GenBank"	"Eukaryota(90.64);Metazoa(90.64);Ecdysozoa(90.64);Arthropoda(90.64);Crustacea(90.64);Maxillopoda(90.64);Copepoda(90.64);Calanoida(90.64);Centropagidae(72.74);Centropages(54.74);Centropages hamatus(22.82);"	"Eukaryota;Metazoa;Ecdysozoa;Arthropoda;Crustacea;Maxillopoda;Copepoda;Calanoida;Centropagidae;"
"539ae1ce12f3af2140d878361d3cdfda"	"Eukaryota_Metazoa_Ecdysozoa_Arthropoda_Crustacea_Maxillopoda_Copepoda_Calanoida_Temoridae_Temora_Temora discaudata_NA"	"271_Nano"	128	"RUN4"	"134"	"GenBank"	"Eukaryota(89.70);Metazoa(71.75);Ecdysozoa(53.84);Arthropoda(53.84);Crustacea(53.84);Maxillopoda(53.84);Copepoda(53.84);Calanoida(53.84);Temoridae(36.23);Temora(36.23);Temora discaudata(30.40);"	"Eukaryota;Metazoa;"
"1795a02fff90f3ee9820e34e7584ac96"	"Eukaryota_Metazoa_Ecdysozoa_Arthropoda_Crustacea_Maxillopoda_Copepoda_Calanoida"	"273_Nano"	294	"RUN4"	"134"	"GenBank"	"Eukaryota(90.64);Metazoa(90.64);Ecdysozoa(90.64);Arthropoda(90.64);Crustacea(90.64);Maxillopoda(90.64);Copepoda(90.64);Calanoida(90.64);Centropagidae(72.74);Centropages(54.74);Centropages hamatus(22.82);"	"Eukaryota;Metazoa;Ecdysozoa;Arthropoda;Crustacea;Maxillopoda;Copepoda;Calanoida;Centropagidae;"
"5517b0f91a8ab903ada0735648493bae"	"Eukaryota_Metazoa_Ecdysozoa_Arthropoda_Crustacea_Maxillopoda_Copepoda_Calanoida"	"273_Nano"	341	"RUN4"	"134"	"GenBank"	"Eukaryota(90.64);Metazoa(90.64);Ecdysozoa(90.64);Arthropoda(90.64);Crustacea(90.64);Maxillopoda(90.64);Copepoda(90.64);Calanoida(90.64);Centropagidae(72.74);Centropages(54.74);Centropages hamatus(22.82);"	"Eukaryota;Metazoa;Ecdysozoa;Arthropoda;Crustacea;Maxillopoda;Copepoda;Calanoida;Centropagidae;"
"539ae1ce12f3af2140d878361d3cdfda"	"Eukaryota_Metazoa_Ecdysozoa_Arthropoda_Crustacea_Maxillopoda_Copepoda_Calanoida_Temoridae_Temora_Temora discaudata_NA"	"273_Nano"	735	"RUN4"	"134"	"GenBank"	"Eukaryota(89.70);Metazoa(71.75);Ecdysozoa(53.84);Arthropoda(53.84);Crustacea(53.84);Maxillopoda(53.84);Copepoda(53.84);Calanoida(53.84);Temoridae(36.23);Temora(36.23);Temora discaudata(30.40);"	"Eukaryota;Metazoa;"
"8e2d23f2450dafd6c944c9eee2a9a027"	"Eukaryota_Metazoa_Ecdysozoa_Arthropoda_Crustacea_Maxillopoda_Copepoda_Calanoida_Temoridae_Temora_Temora discaudata_NA"	"273_Nano"	644	"RUN4"	"134"	"GenBank"	"Eukaryota(89.70);Metazoa(71.75);Ecdysozoa(53.84);Arthropoda(53.84);Crustacea(53.84);Maxillopoda(53.84);Copepoda(53.84);Calanoida(53.84);Temoridae(36.23);Temora(36.23);Temora discaudata(30.40);"	"Eukaryota;Metazoa;"
"94a91bcf22e9c84f354674a3c7e9f9a1"	"Eukaryota_Metazoa_Platyhelminthes_Trematoda_Digenea"	"274_Nano"	66	"RUN4"	"134"	"GenBank"	"Eukaryota(90.36);Metazoa(90.36);Platyhelminthes(90.36);Trematoda(90.36);Digenea(90.36);Plagiorchiida(72.25);Allocreadiata(18.19);Lepocreadioidea(18.19);Lepocreadiidae(18.19);Preptetos(18.19);Preptetos caballeroi(18.19);"	"Eukaryota;Metazoa;Platyhelminthes;Trematoda;Digenea;Plagiorchiida;"
"0513dc08cb07d0fde193b438e106d01d"	"Eukaryota_Metazoa_Platyhelminthes_Trematoda_Digenea"	"274_Nano"	57	"RUN4"	"134"	"GenBank"	"Eukaryota(90.36);Metazoa(90.36);Platyhelminthes(90.36);Trematoda(90.36);Digenea(90.36);Plagiorchiida(72.25);Allocreadiata(18.19);Lepocreadioidea(18.19);Lepocreadiidae(18.19);Preptetos(18.19);Preptetos caballeroi(18.19);"	"Eukaryota;Metazoa;Platyhelminthes;Trematoda;Digenea;Plagiorchiida;"
"1795a02fff90f3ee9820e34e7584ac96"	"Eukaryota_Metazoa_Ecdysozoa_Arthropoda_Crustacea_Maxillopoda_Copepoda_Calanoida"	"276_Sulc"	133	"RUN4"	"134"	"GenBank"	"Eukaryota(90.64);Metazoa(90.64);Ecdysozoa(90.64);Arthropoda(90.64);Crustacea(90.64);Maxillopoda(90.64);Copepoda(90.64);Calanoida(90.64);Centropagidae(72.74);Centropages(54.74);Centropages hamatus(22.82);"	"Eukaryota;Metazoa;Ecdysozoa;Arthropoda;Crustacea;Maxillopoda;Copepoda;Calanoida;Centropagidae;"
"5517b0f91a8ab903ada0735648493bae"	"Eukaryota_Metazoa_Ecdysozoa_Arthropoda_Crustacea_Maxillopoda_Copepoda_Calanoida"	"276_Sulc"	126	"RUN4"	"134"	"GenBank"	"Eukaryota(90.64);Metazoa(90.64);Ecdysozoa(90.64);Arthropoda(90.64);Crustacea(90.64);Maxillopoda(90.64);Copepoda(90.64);Calanoida(90.64);Centropagidae(72.74);Centropages(54.74);Centropages hamatus(22.82);"	"Eukaryota;Metazoa;Ecdysozoa;Arthropoda;Crustacea;Maxillopoda;Copepoda;Calanoida;Centropagidae;"
"979d2af60009f3b80469b43eb0fba8ee"	"Eukaryota_Metazoa_Ecdysozoa_Arthropoda_Crustacea_Maxillopoda_Copepoda_Calanoida"	"268_Nano"	84	"RUN4"	"152"	"SILVA"	"Eukaryota(91.40);Metazoa(91.40);Ecdysozoa(91.40);Arthropoda(91.40);Crustacea(91.40);Maxillopoda(91.40);Copepoda(91.40);Calanoida(91.40);Centropagidae(36.60);Centropages(18.33);Centropages typicus(18.33);"	"Eukaryota;Metazoa;Ecdysozoa;Arthropoda;Crustacea;Maxillopoda;Copepoda;Calanoida;"
"4ec9823bff2beed361cf09ff1f26ccc8"	"Eukaryota_Metazoa_Ecdysozoa_Arthropoda_Crustacea_Maxillopoda_Copepoda_Calanoida"	"268_Nano"	90	"RUN4"	"152"	"SILVA"	"Eukaryota(91.40);Metazoa(91.40);Ecdysozoa(91.40);Arthropoda(91.40);Crustacea(91.40);Maxillopoda(91.40);Copepoda(91.40);Calanoida(91.40);Centropagidae(36.60);Centropages(18.33);Centropages typicus(18.33);"	"Eukaryota;Metazoa;Ecdysozoa;Arthropoda;Crustacea;Maxillopoda;Copepoda;Calanoida;"
"979d2af60009f3b80469b43eb0fba8ee"	"Eukaryota_Metazoa_Ecdysozoa_Arthropoda_Crustacea_Maxillopoda_Copepoda_Calanoida"	"269_Nano"	1018	"RUN4"	"152"	"SILVA"	"Eukaryota(91.40);Metazoa(91.40);Ecdysozoa(91.40);Arthropoda(91.40);Crustacea(91.40);Maxillopoda(91.40);Copepoda(91.40);Calanoida(91.40);Centropagidae(36.60);Centropages(18.33);Centropages typicus(18.33);"	"Eukaryota;Metazoa;Ecdysozoa;Arthropoda;Crustacea;Maxillopoda;Copepoda;Calanoida;"
"4ec9823bff2beed361cf09ff1f26ccc8"	"Eukaryota_Metazoa_Ecdysozoa_Arthropoda_Crustacea_Maxillopoda_Copepoda_Calanoida"	"269_Nano"	870	"RUN4"	"152"	"SILVA"	"Eukaryota(91.40);Metazoa(91.40);Ecdysozoa(91.40);Arthropoda(91.40);Crustacea(91.40);Maxillopoda(91.40);Copepoda(91.40);Calanoida(91.40);Centropagidae(36.60);Centropages(18.33);Centropages typicus(18.33);"	"Eukaryota;Metazoa;Ecdysozoa;Arthropoda;Crustacea;Maxillopoda;Copepoda;Calanoida;"
"979d2af60009f3b80469b43eb0fba8ee"	"Eukaryota_Metazoa_Ecdysozoa_Arthropoda_Crustacea_Maxillopoda_Copepoda_Calanoida"	"270_Nano"	2240	"RUN4"	"152"	"SILVA"	"Eukaryota(91.40);Metazoa(91.40);Ecdysozoa(91.40);Arthropoda(91.40);Crustacea(91.40);Maxillopoda(91.40);Copepoda(91.40);Calanoida(91.40);Centropagidae(36.60);Centropages(18.33);Centropages typicus(18.33);"	"Eukaryota;Metazoa;Ecdysozoa;Arthropoda;Crustacea;Maxillopoda;Copepoda;Calanoida;"
"2ff3ae2ffa9fcbba869232574959928f"	"Eukaryota_Metazoa_Ecdysozoa_Arthropoda_Crustacea_Maxillopoda_Copepoda_Calanoida"	"270_Nano"	1998	"RUN4"	"152"	"SILVA"	"Eukaryota(91.40);Metazoa(91.40);Ecdysozoa(91.40);Arthropoda(91.40);Crustacea(91.40);Maxillopoda(91.40);Copepoda(91.40);Calanoida(91.40);Centropagidae(36.60);Centropages(18.33);Centropages typicus(18.33);"	"Eukaryota;Metazoa;Ecdysozoa;Arthropoda;Crustacea;Maxillopoda;Copepoda;Calanoida;"
"979d2af60009f3b80469b43eb0fba8ee"	"Eukaryota_Metazoa_Ecdysozoa_Arthropoda_Crustacea_Maxillopoda_Copepoda_Calanoida"	"271_Nano"	10775	"RUN4"	"152"	"SILVA"	"Eukaryota(91.40);Metazoa(91.40);Ecdysozoa(91.40);Arthropoda(91.40);Crustacea(91.40);Maxillopoda(91.40);Copepoda(91.40);Calanoida(91.40);Centropagidae(36.60);Centropages(18.33);Centropages typicus(18.33);"	"Eukaryota;Metazoa;Ecdysozoa;Arthropoda;Crustacea;Maxillopoda;Copepoda;Calanoida;"
"2ff3ae2ffa9fcbba869232574959928f"	"Eukaryota_Metazoa_Ecdysozoa_Arthropoda_Crustacea_Maxillopoda_Copepoda_Calanoida"	"271_Nano"	10977	"RUN4"	"152"	"SILVA"	"Eukaryota(91.40);Metazoa(91.40);Ecdysozoa(91.40);Arthropoda(91.40);Crustacea(91.40);Maxillopoda(91.40);Copepoda(91.40);Calanoida(91.40);Centropagidae(36.60);Centropages(18.33);Centropages typicus(18.33);"	"Eukaryota;Metazoa;Ecdysozoa;Arthropoda;Crustacea;Maxillopoda;Copepoda;Calanoida;"
"979d2af60009f3b80469b43eb0fba8ee"	"Eukaryota_Metazoa_Ecdysozoa_Arthropoda_Crustacea_Maxillopoda_Copepoda_Calanoida"	"273_Nano"	854	"RUN4"	"152"	"SILVA"	"Eukaryota(91.40);Metazoa(91.40);Ecdysozoa(91.40);Arthropoda(91.40);Crustacea(91.40);Maxillopoda(91.40);Copepoda(91.40);Calanoida(91.40);Centropagidae(36.60);Centropages(18.33);Centropages typicus(18.33);"	"Eukaryota;Metazoa;Ecdysozoa;Arthropoda;Crustacea;Maxillopoda;Copepoda;Calanoida;"
"2ff3ae2ffa9fcbba869232574959928f"	"Eukaryota_Metazoa_Ecdysozoa_Arthropoda_Crustacea_Maxillopoda_Copepoda_Calanoida"	"273_Nano"	845	"RUN4"	"152"	"SILVA"	"Eukaryota(91.40);Metazoa(91.40);Ecdysozoa(91.40);Arthropoda(91.40);Crustacea(91.40);Maxillopoda(91.40);Copepoda(91.40);Calanoida(91.40);Centropagidae(36.60);Centropages(18.33);Centropages typicus(18.33);"	"Eukaryota;Metazoa;Ecdysozoa;Arthropoda;Crustacea;Maxillopoda;Copepoda;Calanoida;"
"33072e6f638d8954e86a8da310312580"	"Eukaryota_Metazoa_Ecdysozoa_Arthropoda_Crustacea_Maxillopoda_Copepoda_Calanoida_Acartiidae_Acartia_Acartia tonsa_NA"	"273_Nano"	670	"RUN4"	"152"	"SILVA"	"Eukaryota(89.65);Metazoa(89.65);Ecdysozoa(89.65);Arthropoda(89.65);Crustacea(71.97);Maxillopoda(54.28);Copepoda(54.28);Calanoida(54.28);Acartiidae(36.60);Acartia(36.60);Acartia tonsa(91.50);"	"Eukaryota;Metazoa;Ecdysozoa;Arthropoda;Crustacea;Maxillopoda;Copepoda;Calanoida;Acartiidae;Acartia;Acartia tonsa;"
"2f6d64ad29c6de4b1a881dcf19322f52"	"Eukaryota_Metazoa_Ecdysozoa_Arthropoda_Crustacea_Maxillopoda_Copepoda_Calanoida_Acartiidae_Acartia_Acartia tonsa_NA"	"273_Nano"	481	"RUN4"	"152"	"SILVA"	"Eukaryota(89.65);Metazoa(89.65);Ecdysozoa(89.65);Arthropoda(89.65);Crustacea(71.97);Maxillopoda(54.28);Copepoda(54.28);Calanoida(54.28);Acartiidae(36.60);Acartia(36.60);Acartia tonsa(91.50);"	"Eukaryota;Metazoa;Ecdysozoa;Arthropoda;Crustacea;Maxillopoda;Copepoda;Calanoida;Acartiidae;Acartia;Acartia tonsa;"
"33072e6f638d8954e86a8da310312580"	"Eukaryota_Metazoa_Ecdysozoa_Arthropoda_Crustacea_Maxillopoda_Copepoda_Calanoida_Acartiidae_Acartia_Acartia tonsa_NA"	"274_Nano"	604	"RUN4"	"152"	"SILVA"	"Eukaryota(89.65);Metazoa(89.65);Ecdysozoa(89.65);Arthropoda(89.65);Crustacea(71.97);Maxillopoda(54.28);Copepoda(54.28);Calanoida(54.28);Acartiidae(36.60);Acartia(36.60);Acartia tonsa(91.50);"	"Eukaryota;Metazoa;Ecdysozoa;Arthropoda;Crustacea;Maxillopoda;Copepoda;Calanoida;Acartiidae;Acartia;Acartia tonsa;"
"2f6d64ad29c6de4b1a881dcf19322f52"	"Eukaryota_Metazoa_Ecdysozoa_Arthropoda_Crustacea_Maxillopoda_Copepoda_Calanoida_Acartiidae_Acartia_Acartia tonsa_NA"	"274_Nano"	614	"RUN4"	"152"	"SILVA"	"Eukaryota(89.65);Metazoa(89.65);Ecdysozoa(89.65);Arthropoda(89.65);Crustacea(71.97);Maxillopoda(54.28);Copepoda(54.28);Calanoida(54.28);Acartiidae(36.60);Acartia(36.60);Acartia tonsa(91.50);"	"Eukaryota;Metazoa;Ecdysozoa;Arthropoda;Crustacea;Maxillopoda;Copepoda;Calanoida;Acartiidae;Acartia;Acartia tonsa;"
"ea5c559e9aecc08f38931c404d22ca6c"	"Eukaryota_Metazoa_Platyhelminthes_Trematoda_Digenea"	"274_Nano"	149	"RUN4"	"152"	"SILVA"	"Eukaryota(91.67);Metazoa(91.67);Platyhelminthes(91.67);Trematoda(91.67);Digenea(91.67);Echinostomida(18.33);Echinostomata(18.33);Echinostomatoidea(18.33);Echinostomatidae(18.33);Echinostoma(18.33);Echinostoma caproni(18.33);"	"Eukaryota;Metazoa;Platyhelminthes;Trematoda;Digenea;"
"a8f00bc535b817cadf3432befc8b7702"	"Eukaryota_Metazoa_Platyhelminthes_Trematoda_Digenea"	"274_Nano"	123	"RUN4"	"152"	"SILVA"	"Eukaryota(91.67);Metazoa(91.67);Platyhelminthes(91.67);Trematoda(91.67);Digenea(91.67);Echinostomida(18.33);Echinostomata(18.33);Echinostomatoidea(18.33);Echinostomatidae(18.33);Echinostoma(18.33);Echinostoma caproni(18.33);"	"Eukaryota;Metazoa;Platyhelminthes;Trematoda;Digenea;"
"33072e6f638d8954e86a8da310312580"	"Eukaryota_Metazoa_Ecdysozoa_Arthropoda_Crustacea_Maxillopoda_Copepoda_Calanoida_Acartiidae_Acartia_Acartia tonsa_NA"	"275_Nano"	26	"RUN4"	"152"	"SILVA"	"Eukaryota(89.65);Metazoa(89.65);Ecdysozoa(89.65);Arthropoda(89.65);Crustacea(71.97);Maxillopoda(54.28);Copepoda(54.28);Calanoida(54.28);Acartiidae(36.60);Acartia(36.60);Acartia tonsa(91.50);"	"Eukaryota;Metazoa;Ecdysozoa;Arthropoda;Crustacea;Maxillopoda;Copepoda;Calanoida;Acartiidae;Acartia;Acartia tonsa;"
"2f6d64ad29c6de4b1a881dcf19322f52"	"Eukaryota_Metazoa_Ecdysozoa_Arthropoda_Crustacea_Maxillopoda_Copepoda_Calanoida_Acartiidae_Acartia_Acartia tonsa_NA"	"275_Nano"	27	"RUN4"	"152"	"SILVA"	"Eukaryota(89.65);Metazoa(89.65);Ecdysozoa(89.65);Arthropoda(89.65);Crustacea(71.97);Maxillopoda(54.28);Copepoda(54.28);Calanoida(54.28);Acartiidae(36.60);Acartia(36.60);Acartia tonsa(91.50);"	"Eukaryota;Metazoa;Ecdysozoa;Arthropoda;Crustacea;Maxillopoda;Copepoda;Calanoida;Acartiidae;Acartia;Acartia tonsa;"
"4ec9823bff2beed361cf09ff1f26ccc8"	"Eukaryota_Metazoa_Ecdysozoa_Arthropoda_Crustacea_Maxillopoda_Copepoda_Calanoida"	"275_Nano"	55	"RUN4"	"152"	"SILVA"	"Eukaryota(91.40);Metazoa(91.40);Ecdysozoa(91.40);Arthropoda(91.40);Crustacea(91.40);Maxillopoda(91.40);Copepoda(91.40);Calanoida(91.40);Centropagidae(36.60);Centropages(18.33);Centropages typicus(18.33);"	"Eukaryota;Metazoa;Ecdysozoa;Arthropoda;Crustacea;Maxillopoda;Copepoda;Calanoida;"
"25f1d7249459af5b18d4acdb49a9e738"	"Eukaryota_Metazoa_Ecdysozoa_Arthropoda_Crustacea_Maxillopoda_Copepoda_Calanoida"	"275_Nano"	57	"RUN4"	"152"	"SILVA"	"Eukaryota(91.67);Metazoa(91.67);Ecdysozoa(91.67);Arthropoda(91.67);Crustacea(91.67);Maxillopoda(91.67);Copepoda(91.67);Calanoida(91.67);Candaciidae(18.33);Candacia(18.33);Candacia truncata(18.33);"	"Eukaryota;Metazoa;Ecdysozoa;Arthropoda;Crustacea;Maxillopoda;Copepoda;Calanoida;"
"979d2af60009f3b80469b43eb0fba8ee"	"Eukaryota_Metazoa_Ecdysozoa_Arthropoda_Crustacea_Maxillopoda_Copepoda_Calanoida"	"276_Sulc"	110	"RUN4"	"152"	"SILVA"	"Eukaryota(91.40);Metazoa(91.40);Ecdysozoa(91.40);Arthropoda(91.40);Crustacea(91.40);Maxillopoda(91.40);Copepoda(91.40);Calanoida(91.40);Centropagidae(36.60);Centropages(18.33);Centropages typicus(18.33);"	"Eukaryota;Metazoa;Ecdysozoa;Arthropoda;Crustacea;Maxillopoda;Copepoda;Calanoida;"
"4ec9823bff2beed361cf09ff1f26ccc8"	"Eukaryota_Metazoa_Ecdysozoa_Arthropoda_Crustacea_Maxillopoda_Copepoda_Calanoida"	"276_Sulc"	82	"RUN4"	"152"	"SILVA"	"Eukaryota(91.40);Metazoa(91.40);Ecdysozoa(91.40);Arthropoda(91.40);Crustacea(91.40);Maxillopoda(91.40);Copepoda(91.40);Calanoida(91.40);Centropagidae(36.60);Centropages(18.33);Centropages typicus(18.33);"	"Eukaryota;Metazoa;Ecdysozoa;Arthropoda;Crustacea;Maxillopoda;Copepoda;Calanoida;"
"979d2af60009f3b80469b43eb0fba8ee"	"Eukaryota_Metazoa_Ecdysozoa_Arthropoda_Crustacea_Maxillopoda_Copepoda_Calanoida"	"268_Nano"	84	"RUN4"	"152"	"GenBank"	"Eukaryota(91.40);Metazoa(91.40);Ecdysozoa(91.40);Arthropoda(91.40);Crustacea(91.40);Maxillopoda(91.40);Copepoda(91.40);Calanoida(91.40);Centropagidae(36.60);Centropages(18.33);Centropages typicus(18.33);"	"Eukaryota;Metazoa;Ecdysozoa;Arthropoda;Crustacea;Maxillopoda;Copepoda;Calanoida;"
"4ec9823bff2beed361cf09ff1f26ccc8"	"Eukaryota_Metazoa_Ecdysozoa_Arthropoda_Crustacea_Maxillopoda_Copepoda_Calanoida"	"268_Nano"	90	"RUN4"	"152"	"GenBank"	"Eukaryota(91.40);Metazoa(91.40);Ecdysozoa(91.40);Arthropoda(91.40);Crustacea(91.40);Maxillopoda(91.40);Copepoda(91.40);Calanoida(91.40);Centropagidae(36.60);Centropages(18.33);Centropages typicus(18.33);"	"Eukaryota;Metazoa;Ecdysozoa;Arthropoda;Crustacea;Maxillopoda;Copepoda;Calanoida;"
"979d2af60009f3b80469b43eb0fba8ee"	"Eukaryota_Metazoa_Ecdysozoa_Arthropoda_Crustacea_Maxillopoda_Copepoda_Calanoida"	"269_Nano"	1018	"RUN4"	"152"	"GenBank"	"Eukaryota(91.40);Metazoa(91.40);Ecdysozoa(91.40);Arthropoda(91.40);Crustacea(91.40);Maxillopoda(91.40);Copepoda(91.40);Calanoida(91.40);Centropagidae(36.60);Centropages(18.33);Centropages typicus(18.33);"	"Eukaryota;Metazoa;Ecdysozoa;Arthropoda;Crustacea;Maxillopoda;Copepoda;Calanoida;"
"4ec9823bff2beed361cf09ff1f26ccc8"	"Eukaryota_Metazoa_Ecdysozoa_Arthropoda_Crustacea_Maxillopoda_Copepoda_Calanoida"	"269_Nano"	870	"RUN4"	"152"	"GenBank"	"Eukaryota(91.40);Metazoa(91.40);Ecdysozoa(91.40);Arthropoda(91.40);Crustacea(91.40);Maxillopoda(91.40);Copepoda(91.40);Calanoida(91.40);Centropagidae(36.60);Centropages(18.33);Centropages typicus(18.33);"	"Eukaryota;Metazoa;Ecdysozoa;Arthropoda;Crustacea;Maxillopoda;Copepoda;Calanoida;"
"979d2af60009f3b80469b43eb0fba8ee"	"Eukaryota_Metazoa_Ecdysozoa_Arthropoda_Crustacea_Maxillopoda_Copepoda_Calanoida"	"270_Nano"	2240	"RUN4"	"152"	"GenBank"	"Eukaryota(91.40);Metazoa(91.40);Ecdysozoa(91.40);Arthropoda(91.40);Crustacea(91.40);Maxillopoda(91.40);Copepoda(91.40);Calanoida(91.40);Centropagidae(36.60);Centropages(18.33);Centropages typicus(18.33);"	"Eukaryota;Metazoa;Ecdysozoa;Arthropoda;Crustacea;Maxillopoda;Copepoda;Calanoida;"
"2ff3ae2ffa9fcbba869232574959928f"	"Eukaryota_Metazoa_Ecdysozoa_Arthropoda_Crustacea_Maxillopoda_Copepoda_Calanoida"	"270_Nano"	1998	"RUN4"	"152"	"GenBank"	"Eukaryota(91.40);Metazoa(91.40);Ecdysozoa(91.40);Arthropoda(91.40);Crustacea(91.40);Maxillopoda(91.40);Copepoda(91.40);Calanoida(91.40);Centropagidae(36.60);Centropages(18.33);Centropages typicus(18.33);"	"Eukaryota;Metazoa;Ecdysozoa;Arthropoda;Crustacea;Maxillopoda;Copepoda;Calanoida;"
"979d2af60009f3b80469b43eb0fba8ee"	"Eukaryota_Metazoa_Ecdysozoa_Arthropoda_Crustacea_Maxillopoda_Copepoda_Calanoida"	"271_Nano"	10775	"RUN4"	"152"	"GenBank"	"Eukaryota(91.40);Metazoa(91.40);Ecdysozoa(91.40);Arthropoda(91.40);Crustacea(91.40);Maxillopoda(91.40);Copepoda(91.40);Calanoida(91.40);Centropagidae(36.60);Centropages(18.33);Centropages typicus(18.33);"	"Eukaryota;Metazoa;Ecdysozoa;Arthropoda;Crustacea;Maxillopoda;Copepoda;Calanoida;"
"2ff3ae2ffa9fcbba869232574959928f"	"Eukaryota_Metazoa_Ecdysozoa_Arthropoda_Crustacea_Maxillopoda_Copepoda_Calanoida"	"271_Nano"	10977	"RUN4"	"152"	"GenBank"	"Eukaryota(91.40);Metazoa(91.40);Ecdysozoa(91.40);Arthropoda(91.40);Crustacea(91.40);Maxillopoda(91.40);Copepoda(91.40);Calanoida(91.40);Centropagidae(36.60);Centropages(18.33);Centropages typicus(18.33);"	"Eukaryota;Metazoa;Ecdysozoa;Arthropoda;Crustacea;Maxillopoda;Copepoda;Calanoida;"
"979d2af60009f3b80469b43eb0fba8ee"	"Eukaryota_Metazoa_Ecdysozoa_Arthropoda_Crustacea_Maxillopoda_Copepoda_Calanoida"	"273_Nano"	854	"RUN4"	"152"	"GenBank"	"Eukaryota(91.40);Metazoa(91.40);Ecdysozoa(91.40);Arthropoda(91.40);Crustacea(91.40);Maxillopoda(91.40);Copepoda(91.40);Calanoida(91.40);Centropagidae(36.60);Centropages(18.33);Centropages typicus(18.33);"	"Eukaryota;Metazoa;Ecdysozoa;Arthropoda;Crustacea;Maxillopoda;Copepoda;Calanoida;"
"2ff3ae2ffa9fcbba869232574959928f"	"Eukaryota_Metazoa_Ecdysozoa_Arthropoda_Crustacea_Maxillopoda_Copepoda_Calanoida"	"273_Nano"	845	"RUN4"	"152"	"GenBank"	"Eukaryota(91.40);Metazoa(91.40);Ecdysozoa(91.40);Arthropoda(91.40);Crustacea(91.40);Maxillopoda(91.40);Copepoda(91.40);Calanoida(91.40);Centropagidae(36.60);Centropages(18.33);Centropages typicus(18.33);"	"Eukaryota;Metazoa;Ecdysozoa;Arthropoda;Crustacea;Maxillopoda;Copepoda;Calanoida;"
"33072e6f638d8954e86a8da310312580"	"Eukaryota_Metazoa_Ecdysozoa_Arthropoda_Crustacea_Maxillopoda_Copepoda_Calanoida_Acartiidae_Acartia_Acartia tonsa_NA"	"273_Nano"	670	"RUN4"	"152"	"GenBank"	"Eukaryota(89.65);Metazoa(89.65);Ecdysozoa(89.65);Arthropoda(89.65);Crustacea(71.97);Maxillopoda(54.28);Copepoda(54.28);Calanoida(54.28);Acartiidae(36.60);Acartia(36.60);Acartia tonsa(91.50);"	"Eukaryota;Metazoa;Ecdysozoa;Arthropoda;Crustacea;Maxillopoda;Copepoda;Calanoida;Acartiidae;Acartia;Acartia tonsa;"
"2f6d64ad29c6de4b1a881dcf19322f52"	"Eukaryota_Metazoa_Ecdysozoa_Arthropoda_Crustacea_Maxillopoda_Copepoda_Calanoida_Acartiidae_Acartia_Acartia tonsa_NA"	"273_Nano"	481	"RUN4"	"152"	"GenBank"	"Eukaryota(89.65);Metazoa(89.65);Ecdysozoa(89.65);Arthropoda(89.65);Crustacea(71.97);Maxillopoda(54.28);Copepoda(54.28);Calanoida(54.28);Acartiidae(36.60);Acartia(36.60);Acartia tonsa(91.50);"	"Eukaryota;Metazoa;Ecdysozoa;Arthropoda;Crustacea;Maxillopoda;Copepoda;Calanoida;Acartiidae;Acartia;Acartia tonsa;"
"33072e6f638d8954e86a8da310312580"	"Eukaryota_Metazoa_Ecdysozoa_Arthropoda_Crustacea_Maxillopoda_Copepoda_Calanoida_Acartiidae_Acartia_Acartia tonsa_NA"	"274_Nano"	604	"RUN4"	"152"	"GenBank"	"Eukaryota(89.65);Metazoa(89.65);Ecdysozoa(89.65);Arthropoda(89.65);Crustacea(71.97);Maxillopoda(54.28);Copepoda(54.28);Calanoida(54.28);Acartiidae(36.60);Acartia(36.60);Acartia tonsa(91.50);"	"Eukaryota;Metazoa;Ecdysozoa;Arthropoda;Crustacea;Maxillopoda;Copepoda;Calanoida;Acartiidae;Acartia;Acartia tonsa;"
"2f6d64ad29c6de4b1a881dcf19322f52"	"Eukaryota_Metazoa_Ecdysozoa_Arthropoda_Crustacea_Maxillopoda_Copepoda_Calanoida_Acartiidae_Acartia_Acartia tonsa_NA"	"274_Nano"	614	"RUN4"	"152"	"GenBank"	"Eukaryota(89.65);Metazoa(89.65);Ecdysozoa(89.65);Arthropoda(89.65);Crustacea(71.97);Maxillopoda(54.28);Copepoda(54.28);Calanoida(54.28);Acartiidae(36.60);Acartia(36.60);Acartia tonsa(91.50);"	"Eukaryota;Metazoa;Ecdysozoa;Arthropoda;Crustacea;Maxillopoda;Copepoda;Calanoida;Acartiidae;Acartia;Acartia tonsa;"
"ea5c559e9aecc08f38931c404d22ca6c"	"Eukaryota_Metazoa_Platyhelminthes_Trematoda_Digenea"	"274_Nano"	149	"RUN4"	"152"	"GenBank"	"Eukaryota(91.67);Metazoa(91.67);Platyhelminthes(91.67);Trematoda(91.67);Digenea(91.67);Echinostomida(18.33);Echinostomata(18.33);Echinostomatoidea(18.33);Echinostomatidae(18.33);Echinostoma(18.33);Echinostoma caproni(18.33);"	"Eukaryota;Metazoa;Platyhelminthes;Trematoda;Digenea;"
"a8f00bc535b817cadf3432befc8b7702"	"Eukaryota_Metazoa_Platyhelminthes_Trematoda_Digenea"	"274_Nano"	123	"RUN4"	"152"	"GenBank"	"Eukaryota(91.67);Metazoa(91.67);Platyhelminthes(91.67);Trematoda(91.67);Digenea(91.67);Echinostomida(18.33);Echinostomata(18.33);Echinostomatoidea(18.33);Echinostomatidae(18.33);Echinostoma(18.33);Echinostoma caproni(18.33);"	"Eukaryota;Metazoa;Platyhelminthes;Trematoda;Digenea;"
"33072e6f638d8954e86a8da310312580"	"Eukaryota_Metazoa_Ecdysozoa_Arthropoda_Crustacea_Maxillopoda_Copepoda_Calanoida_Acartiidae_Acartia_Acartia tonsa_NA"	"275_Nano"	26	"RUN4"	"152"	"GenBank"	"Eukaryota(89.65);Metazoa(89.65);Ecdysozoa(89.65);Arthropoda(89.65);Crustacea(71.97);Maxillopoda(54.28);Copepoda(54.28);Calanoida(54.28);Acartiidae(36.60);Acartia(36.60);Acartia tonsa(91.50);"	"Eukaryota;Metazoa;Ecdysozoa;Arthropoda;Crustacea;Maxillopoda;Copepoda;Calanoida;Acartiidae;Acartia;Acartia tonsa;"
"2f6d64ad29c6de4b1a881dcf19322f52"	"Eukaryota_Metazoa_Ecdysozoa_Arthropoda_Crustacea_Maxillopoda_Copepoda_Calanoida_Acartiidae_Acartia_Acartia tonsa_NA"	"275_Nano"	27	"RUN4"	"152"	"GenBank"	"Eukaryota(89.65);Metazoa(89.65);Ecdysozoa(89.65);Arthropoda(89.65);Crustacea(71.97);Maxillopoda(54.28);Copepoda(54.28);Calanoida(54.28);Acartiidae(36.60);Acartia(36.60);Acartia tonsa(91.50);"	"Eukaryota;Metazoa;Ecdysozoa;Arthropoda;Crustacea;Maxillopoda;Copepoda;Calanoida;Acartiidae;Acartia;Acartia tonsa;"
"4ec9823bff2beed361cf09ff1f26ccc8"	"Eukaryota_Metazoa_Ecdysozoa_Arthropoda_Crustacea_Maxillopoda_Copepoda_Calanoida"	"275_Nano"	55	"RUN4"	"152"	"GenBank"	"Eukaryota(91.40);Metazoa(91.40);Ecdysozoa(91.40);Arthropoda(91.40);Crustacea(91.40);Maxillopoda(91.40);Copepoda(91.40);Calanoida(91.40);Centropagidae(36.60);Centropages(18.33);Centropages typicus(18.33);"	"Eukaryota;Metazoa;Ecdysozoa;Arthropoda;Crustacea;Maxillopoda;Copepoda;Calanoida;"
"25f1d7249459af5b18d4acdb49a9e738"	"Eukaryota_Metazoa_Ecdysozoa_Arthropoda_Crustacea_Maxillopoda_Copepoda_Calanoida"	"275_Nano"	57	"RUN4"	"152"	"GenBank"	"Eukaryota(91.67);Metazoa(91.67);Ecdysozoa(91.67);Arthropoda(91.67);Crustacea(91.67);Maxillopoda(91.67);Copepoda(91.67);Calanoida(91.67);Candaciidae(18.33);Candacia(18.33);Candacia truncata(18.33);"	"Eukaryota;Metazoa;Ecdysozoa;Arthropoda;Crustacea;Maxillopoda;Copepoda;Calanoida;"
"979d2af60009f3b80469b43eb0fba8ee"	"Eukaryota_Metazoa_Ecdysozoa_Arthropoda_Crustacea_Maxillopoda_Copepoda_Calanoida"	"276_Sulc"	110	"RUN4"	"152"	"GenBank"	"Eukaryota(91.40);Metazoa(91.40);Ecdysozoa(91.40);Arthropoda(91.40);Crustacea(91.40);Maxillopoda(91.40);Copepoda(91.40);Calanoida(91.40);Centropagidae(36.60);Centropages(18.33);Centropages typicus(18.33);"	"Eukaryota;Metazoa;Ecdysozoa;Arthropoda;Crustacea;Maxillopoda;Copepoda;Calanoida;"
"4ec9823bff2beed361cf09ff1f26ccc8"	"Eukaryota_Metazoa_Ecdysozoa_Arthropoda_Crustacea_Maxillopoda_Copepoda_Calanoida"	"276_Sulc"	82	"RUN4"	"152"	"GenBank"	"Eukaryota(91.40);Metazoa(91.40);Ecdysozoa(91.40);Arthropoda(91.40);Crustacea(91.40);Maxillopoda(91.40);Copepoda(91.40);Calanoida(91.40);Centropagidae(36.60);Centropages(18.33);Centropages typicus(18.33);"	"Eukaryota;Metazoa;Ecdysozoa;Arthropoda;Crustacea;Maxillopoda;Copepoda;Calanoida;"
"1caad9ef20cb75194ee3dfe52943393c"	"Eukaryota_Metazoa_Ecdysozoa_Arthropoda_Crustacea_Maxillopoda_Copepoda_Calanoida"	"268_Nano"	235	"RUN4"	"166"	"SILVA"	"Eukaryota(91.25);Metazoa(91.25);Ecdysozoa(91.25);Arthropoda(91.25);Crustacea(91.25);Maxillopoda(91.25);Copepoda(91.25);Calanoida(91.25);Centropagidae(54.90);Centropages(54.90);Centropages hamatus(18.36);"	"Eukaryota;Metazoa;Ecdysozoa;Arthropoda;Crustacea;Maxillopoda;Copepoda;Calanoida;"
"98db3c2d312070d10ea38cb22a2a4dba"	"Eukaryota_Metazoa_Ecdysozoa_Arthropoda_Crustacea_Maxillopoda_Copepoda_Calanoida"	"268_Nano"	159	"RUN4"	"166"	"SILVA"	"Eukaryota(91.20);Metazoa(91.20);Ecdysozoa(91.20);Arthropoda(91.20);Crustacea(91.20);Maxillopoda(91.20);Copepoda(91.20);Calanoida(91.20);Centropagidae(54.75);Centropages(54.75);Centropages hamatus(18.32);"	"Eukaryota;Metazoa;Ecdysozoa;Arthropoda;Crustacea;Maxillopoda;Copepoda;Calanoida;"
"1caad9ef20cb75194ee3dfe52943393c"	"Eukaryota_Metazoa_Ecdysozoa_Arthropoda_Crustacea_Maxillopoda_Copepoda_Calanoida"	"269_Nano"	2361	"RUN4"	"166"	"SILVA"	"Eukaryota(91.25);Metazoa(91.25);Ecdysozoa(91.25);Arthropoda(91.25);Crustacea(91.25);Maxillopoda(91.25);Copepoda(91.25);Calanoida(91.25);Centropagidae(54.90);Centropages(54.90);Centropages hamatus(18.36);"	"Eukaryota;Metazoa;Ecdysozoa;Arthropoda;Crustacea;Maxillopoda;Copepoda;Calanoida;"
"98db3c2d312070d10ea38cb22a2a4dba"	"Eukaryota_Metazoa_Ecdysozoa_Arthropoda_Crustacea_Maxillopoda_Copepoda_Calanoida"	"269_Nano"	1722	"RUN4"	"166"	"SILVA"	"Eukaryota(91.20);Metazoa(91.20);Ecdysozoa(91.20);Arthropoda(91.20);Crustacea(91.20);Maxillopoda(91.20);Copepoda(91.20);Calanoida(91.20);Centropagidae(54.75);Centropages(54.75);Centropages hamatus(18.32);"	"Eukaryota;Metazoa;Ecdysozoa;Arthropoda;Crustacea;Maxillopoda;Copepoda;Calanoida;"
"464f4db03e9945fc160930210e4e5112"	"Eukaryota_Metazoa_Ecdysozoa_Arthropoda_Crustacea_Maxillopoda_Copepoda_Calanoida_Acartiidae_Acartia_Acartia tonsa"	"269_Nano"	19	"RUN4"	"166"	"SILVA"	"Eukaryota(89.32);Metazoa(89.32);Ecdysozoa(89.32);Arthropoda(89.32);Crustacea(89.32);Maxillopoda(89.32);Copepoda(89.32);Calanoida(89.32);Acartiidae(36.39);Acartia(36.39);Acartia tonsa(90.97);"	"Eukaryota;Metazoa;Ecdysozoa;Arthropoda;Crustacea;Maxillopoda;Copepoda;Calanoida;Acartiidae;Acartia;Acartia tonsa;"
"9aaaf723a92ca83651c54fb4a6d8fe7b"	"Eukaryota_Metazoa_Ecdysozoa_Arthropoda_Crustacea_Maxillopoda_Copepoda_Calanoida_Acartiidae_Acartia_Acartia tonsa"	"269_Nano"	9	"RUN4"	"166"	"SILVA"	"Eukaryota(89.32);Metazoa(89.32);Ecdysozoa(89.32);Arthropoda(89.32);Crustacea(89.32);Maxillopoda(89.32);Copepoda(89.32);Calanoida(89.32);Acartiidae(36.39);Acartia(36.39);Acartia tonsa(90.97);"	"Eukaryota;Metazoa;Ecdysozoa;Arthropoda;Crustacea;Maxillopoda;Copepoda;Calanoida;Acartiidae;Acartia;Acartia tonsa;"
"1caad9ef20cb75194ee3dfe52943393c"	"Eukaryota_Metazoa_Ecdysozoa_Arthropoda_Crustacea_Maxillopoda_Copepoda_Calanoida"	"270_Nano"	5373	"RUN4"	"166"	"SILVA"	"Eukaryota(91.25);Metazoa(91.25);Ecdysozoa(91.25);Arthropoda(91.25);Crustacea(91.25);Maxillopoda(91.25);Copepoda(91.25);Calanoida(91.25);Centropagidae(54.90);Centropages(54.90);Centropages hamatus(18.36);"	"Eukaryota;Metazoa;Ecdysozoa;Arthropoda;Crustacea;Maxillopoda;Copepoda;Calanoida;"
"98db3c2d312070d10ea38cb22a2a4dba"	"Eukaryota_Metazoa_Ecdysozoa_Arthropoda_Crustacea_Maxillopoda_Copepoda_Calanoida"	"270_Nano"	4451	"RUN4"	"166"	"SILVA"	"Eukaryota(91.20);Metazoa(91.20);Ecdysozoa(91.20);Arthropoda(91.20);Crustacea(91.20);Maxillopoda(91.20);Copepoda(91.20);Calanoida(91.20);Centropagidae(54.75);Centropages(54.75);Centropages hamatus(18.32);"	"Eukaryota;Metazoa;Ecdysozoa;Arthropoda;Crustacea;Maxillopoda;Copepoda;Calanoida;"
"1caad9ef20cb75194ee3dfe52943393c"	"Eukaryota_Metazoa_Ecdysozoa_Arthropoda_Crustacea_Maxillopoda_Copepoda_Calanoida"	"271_Nano"	16930	"RUN4"	"166"	"SILVA"	"Eukaryota(91.25);Metazoa(91.25);Ecdysozoa(91.25);Arthropoda(91.25);Crustacea(91.25);Maxillopoda(91.25);Copepoda(91.25);Calanoida(91.25);Centropagidae(54.90);Centropages(54.90);Centropages hamatus(18.36);"	"Eukaryota;Metazoa;Ecdysozoa;Arthropoda;Crustacea;Maxillopoda;Copepoda;Calanoida;"
"98db3c2d312070d10ea38cb22a2a4dba"	"Eukaryota_Metazoa_Ecdysozoa_Arthropoda_Crustacea_Maxillopoda_Copepoda_Calanoida"	"271_Nano"	15880	"RUN4"	"166"	"SILVA"	"Eukaryota(91.20);Metazoa(91.20);Ecdysozoa(91.20);Arthropoda(91.20);Crustacea(91.20);Maxillopoda(91.20);Copepoda(91.20);Calanoida(91.20);Centropagidae(54.75);Centropages(54.75);Centropages hamatus(18.32);"	"Eukaryota;Metazoa;Ecdysozoa;Arthropoda;Crustacea;Maxillopoda;Copepoda;Calanoida;"
"1caad9ef20cb75194ee3dfe52943393c"	"Eukaryota_Metazoa_Ecdysozoa_Arthropoda_Crustacea_Maxillopoda_Copepoda_Calanoida"	"273_Nano"	3104	"RUN4"	"166"	"SILVA"	"Eukaryota(91.25);Metazoa(91.25);Ecdysozoa(91.25);Arthropoda(91.25);Crustacea(91.25);Maxillopoda(91.25);Copepoda(91.25);Calanoida(91.25);Centropagidae(54.90);Centropages(54.90);Centropages hamatus(18.36);"	"Eukaryota;Metazoa;Ecdysozoa;Arthropoda;Crustacea;Maxillopoda;Copepoda;Calanoida;"
"98db3c2d312070d10ea38cb22a2a4dba"	"Eukaryota_Metazoa_Ecdysozoa_Arthropoda_Crustacea_Maxillopoda_Copepoda_Calanoida"	"273_Nano"	2773	"RUN4"	"166"	"SILVA"	"Eukaryota(91.20);Metazoa(91.20);Ecdysozoa(91.20);Arthropoda(91.20);Crustacea(91.20);Maxillopoda(91.20);Copepoda(91.20);Calanoida(91.20);Centropagidae(54.75);Centropages(54.75);Centropages hamatus(18.32);"	"Eukaryota;Metazoa;Ecdysozoa;Arthropoda;Crustacea;Maxillopoda;Copepoda;Calanoida;"
"464f4db03e9945fc160930210e4e5112"	"Eukaryota_Metazoa_Ecdysozoa_Arthropoda_Crustacea_Maxillopoda_Copepoda_Calanoida_Acartiidae_Acartia_Acartia tonsa"	"273_Nano"	751	"RUN4"	"166"	"SILVA"	"Eukaryota(89.32);Metazoa(89.32);Ecdysozoa(89.32);Arthropoda(89.32);Crustacea(89.32);Maxillopoda(89.32);Copepoda(89.32);Calanoida(89.32);Acartiidae(36.39);Acartia(36.39);Acartia tonsa(90.97);"	"Eukaryota;Metazoa;Ecdysozoa;Arthropoda;Crustacea;Maxillopoda;Copepoda;Calanoida;Acartiidae;Acartia;Acartia tonsa;"
"9aaaf723a92ca83651c54fb4a6d8fe7b"	"Eukaryota_Metazoa_Ecdysozoa_Arthropoda_Crustacea_Maxillopoda_Copepoda_Calanoida_Acartiidae_Acartia_Acartia tonsa"	"273_Nano"	512	"RUN4"	"166"	"SILVA"	"Eukaryota(89.32);Metazoa(89.32);Ecdysozoa(89.32);Arthropoda(89.32);Crustacea(89.32);Maxillopoda(89.32);Copepoda(89.32);Calanoida(89.32);Acartiidae(36.39);Acartia(36.39);Acartia tonsa(90.97);"	"Eukaryota;Metazoa;Ecdysozoa;Arthropoda;Crustacea;Maxillopoda;Copepoda;Calanoida;Acartiidae;Acartia;Acartia tonsa;"
"464f4db03e9945fc160930210e4e5112"	"Eukaryota_Metazoa_Ecdysozoa_Arthropoda_Crustacea_Maxillopoda_Copepoda_Calanoida_Acartiidae_Acartia_Acartia tonsa"	"274_Nano"	912	"RUN4"	"166"	"SILVA"	"Eukaryota(89.32);Metazoa(89.32);Ecdysozoa(89.32);Arthropoda(89.32);Crustacea(89.32);Maxillopoda(89.32);Copepoda(89.32);Calanoida(89.32);Acartiidae(36.39);Acartia(36.39);Acartia tonsa(90.97);"	"Eukaryota;Metazoa;Ecdysozoa;Arthropoda;Crustacea;Maxillopoda;Copepoda;Calanoida;Acartiidae;Acartia;Acartia tonsa;"
"9aaaf723a92ca83651c54fb4a6d8fe7b"	"Eukaryota_Metazoa_Ecdysozoa_Arthropoda_Crustacea_Maxillopoda_Copepoda_Calanoida_Acartiidae_Acartia_Acartia tonsa"	"274_Nano"	644	"RUN4"	"166"	"SILVA"	"Eukaryota(89.32);Metazoa(89.32);Ecdysozoa(89.32);Arthropoda(89.32);Crustacea(89.32);Maxillopoda(89.32);Copepoda(89.32);Calanoida(89.32);Acartiidae(36.39);Acartia(36.39);Acartia tonsa(90.97);"	"Eukaryota;Metazoa;Ecdysozoa;Arthropoda;Crustacea;Maxillopoda;Copepoda;Calanoida;Acartiidae;Acartia;Acartia tonsa;"
"db006b1eb3926201c029453c9896c7ae"	"Eukaryota_Metazoa_Platyhelminthes_Trematoda_Digenea_Plagiorchiida"	"274_Nano"	63	"RUN4"	"166"	"SILVA"	"Eukaryota(91.18);Metazoa(91.18);Platyhelminthes(91.18);Trematoda(91.18);Digenea(91.18);Plagiorchiida(72.94);Enenteridae(54.71);unclassified Enenteridae(36.47);Enenterid sp.1 DTJL-2000(18.23);"	"Eukaryota;Metazoa;Platyhelminthes;Trematoda;Digenea;Plagiorchiida;"
"61a48aa04a323c0d27b6a247b9331ffe"	"Eukaryota_Metazoa_Platyhelminthes_Trematoda_Digenea_Plagiorchiida"	"274_Nano"	63	"RUN4"	"166"	"SILVA"	"Eukaryota(91.18);Metazoa(91.18);Platyhelminthes(91.18);Trematoda(91.18);Digenea(91.18);Plagiorchiida(72.94);Enenteridae(54.71);unclassified Enenteridae(36.47);Enenterid sp.1 DTJL-2000(18.23);"	"Eukaryota;Metazoa;Platyhelminthes;Trematoda;Digenea;Plagiorchiida;"
"1caad9ef20cb75194ee3dfe52943393c"	"Eukaryota_Metazoa_Ecdysozoa_Arthropoda_Crustacea_Maxillopoda_Copepoda_Calanoida"	"276_Sulc"	350	"RUN4"	"166"	"SILVA"	"Eukaryota(91.25);Metazoa(91.25);Ecdysozoa(91.25);Arthropoda(91.25);Crustacea(91.25);Maxillopoda(91.25);Copepoda(91.25);Calanoida(91.25);Centropagidae(54.90);Centropages(54.90);Centropages hamatus(18.36);"	"Eukaryota;Metazoa;Ecdysozoa;Arthropoda;Crustacea;Maxillopoda;Copepoda;Calanoida;"
"98db3c2d312070d10ea38cb22a2a4dba"	"Eukaryota_Metazoa_Ecdysozoa_Arthropoda_Crustacea_Maxillopoda_Copepoda_Calanoida"	"276_Sulc"	172	"RUN4"	"166"	"SILVA"	"Eukaryota(91.20);Metazoa(91.20);Ecdysozoa(91.20);Arthropoda(91.20);Crustacea(91.20);Maxillopoda(91.20);Copepoda(91.20);Calanoida(91.20);Centropagidae(54.75);Centropages(54.75);Centropages hamatus(18.32);"	"Eukaryota;Metazoa;Ecdysozoa;Arthropoda;Crustacea;Maxillopoda;Copepoda;Calanoida;"
"1caad9ef20cb75194ee3dfe52943393c"	"Eukaryota_Metazoa_Ecdysozoa_Arthropoda_Crustacea_Maxillopoda_Copepoda_Calanoida"	"268_Nano"	235	"RUN4"	"166"	"GenBank"	"Eukaryota(91.25);Metazoa(91.25);Ecdysozoa(91.25);Arthropoda(91.25);Crustacea(91.25);Maxillopoda(91.25);Copepoda(91.25);Calanoida(91.25);Centropagidae(54.90);Centropages(54.90);Centropages hamatus(18.36);"	"Eukaryota;Metazoa;Ecdysozoa;Arthropoda;Crustacea;Maxillopoda;Copepoda;Calanoida;"
"98db3c2d312070d10ea38cb22a2a4dba"	"Eukaryota_Metazoa_Ecdysozoa_Arthropoda_Crustacea_Maxillopoda_Copepoda_Calanoida"	"268_Nano"	159	"RUN4"	"166"	"GenBank"	"Eukaryota(91.20);Metazoa(91.20);Ecdysozoa(91.20);Arthropoda(91.20);Crustacea(91.20);Maxillopoda(91.20);Copepoda(91.20);Calanoida(91.20);Centropagidae(54.75);Centropages(54.75);Centropages hamatus(18.32);"	"Eukaryota;Metazoa;Ecdysozoa;Arthropoda;Crustacea;Maxillopoda;Copepoda;Calanoida;"
"1caad9ef20cb75194ee3dfe52943393c"	"Eukaryota_Metazoa_Ecdysozoa_Arthropoda_Crustacea_Maxillopoda_Copepoda_Calanoida"	"269_Nano"	2361	"RUN4"	"166"	"GenBank"	"Eukaryota(91.25);Metazoa(91.25);Ecdysozoa(91.25);Arthropoda(91.25);Crustacea(91.25);Maxillopoda(91.25);Copepoda(91.25);Calanoida(91.25);Centropagidae(54.90);Centropages(54.90);Centropages hamatus(18.36);"	"Eukaryota;Metazoa;Ecdysozoa;Arthropoda;Crustacea;Maxillopoda;Copepoda;Calanoida;"
"98db3c2d312070d10ea38cb22a2a4dba"	"Eukaryota_Metazoa_Ecdysozoa_Arthropoda_Crustacea_Maxillopoda_Copepoda_Calanoida"	"269_Nano"	1722	"RUN4"	"166"	"GenBank"	"Eukaryota(91.20);Metazoa(91.20);Ecdysozoa(91.20);Arthropoda(91.20);Crustacea(91.20);Maxillopoda(91.20);Copepoda(91.20);Calanoida(91.20);Centropagidae(54.75);Centropages(54.75);Centropages hamatus(18.32);"	"Eukaryota;Metazoa;Ecdysozoa;Arthropoda;Crustacea;Maxillopoda;Copepoda;Calanoida;"
"464f4db03e9945fc160930210e4e5112"	"Eukaryota_Metazoa_Ecdysozoa_Arthropoda_Crustacea_Maxillopoda_Copepoda_Calanoida_Acartiidae_Acartia_Acartia tonsa"	"269_Nano"	19	"RUN4"	"166"	"GenBank"	"Eukaryota(89.32);Metazoa(89.32);Ecdysozoa(89.32);Arthropoda(89.32);Crustacea(89.32);Maxillopoda(89.32);Copepoda(89.32);Calanoida(89.32);Acartiidae(36.39);Acartia(36.39);Acartia tonsa(90.97);"	"Eukaryota;Metazoa;Ecdysozoa;Arthropoda;Crustacea;Maxillopoda;Copepoda;Calanoida;Acartiidae;Acartia;Acartia tonsa;"
"9aaaf723a92ca83651c54fb4a6d8fe7b"	"Eukaryota_Metazoa_Ecdysozoa_Arthropoda_Crustacea_Maxillopoda_Copepoda_Calanoida_Acartiidae_Acartia_Acartia tonsa"	"269_Nano"	9	"RUN4"	"166"	"GenBank"	"Eukaryota(89.32);Metazoa(89.32);Ecdysozoa(89.32);Arthropoda(89.32);Crustacea(89.32);Maxillopoda(89.32);Copepoda(89.32);Calanoida(89.32);Acartiidae(36.39);Acartia(36.39);Acartia tonsa(90.97);"	"Eukaryota;Metazoa;Ecdysozoa;Arthropoda;Crustacea;Maxillopoda;Copepoda;Calanoida;Acartiidae;Acartia;Acartia tonsa;"
"1caad9ef20cb75194ee3dfe52943393c"	"Eukaryota_Metazoa_Ecdysozoa_Arthropoda_Crustacea_Maxillopoda_Copepoda_Calanoida"	"270_Nano"	5373	"RUN4"	"166"	"GenBank"	"Eukaryota(91.25);Metazoa(91.25);Ecdysozoa(91.25);Arthropoda(91.25);Crustacea(91.25);Maxillopoda(91.25);Copepoda(91.25);Calanoida(91.25);Centropagidae(54.90);Centropages(54.90);Centropages hamatus(18.36);"	"Eukaryota;Metazoa;Ecdysozoa;Arthropoda;Crustacea;Maxillopoda;Copepoda;Calanoida;"
"98db3c2d312070d10ea38cb22a2a4dba"	"Eukaryota_Metazoa_Ecdysozoa_Arthropoda_Crustacea_Maxillopoda_Copepoda_Calanoida"	"270_Nano"	4451	"RUN4"	"166"	"GenBank"	"Eukaryota(91.20);Metazoa(91.20);Ecdysozoa(91.20);Arthropoda(91.20);Crustacea(91.20);Maxillopoda(91.20);Copepoda(91.20);Calanoida(91.20);Centropagidae(54.75);Centropages(54.75);Centropages hamatus(18.32);"	"Eukaryota;Metazoa;Ecdysozoa;Arthropoda;Crustacea;Maxillopoda;Copepoda;Calanoida;"
"1caad9ef20cb75194ee3dfe52943393c"	"Eukaryota_Metazoa_Ecdysozoa_Arthropoda_Crustacea_Maxillopoda_Copepoda_Calanoida"	"271_Nano"	16930	"RUN4"	"166"	"GenBank"	"Eukaryota(91.25);Metazoa(91.25);Ecdysozoa(91.25);Arthropoda(91.25);Crustacea(91.25);Maxillopoda(91.25);Copepoda(91.25);Calanoida(91.25);Centropagidae(54.90);Centropages(54.90);Centropages hamatus(18.36);"	"Eukaryota;Metazoa;Ecdysozoa;Arthropoda;Crustacea;Maxillopoda;Copepoda;Calanoida;"
"98db3c2d312070d10ea38cb22a2a4dba"	"Eukaryota_Metazoa_Ecdysozoa_Arthropoda_Crustacea_Maxillopoda_Copepoda_Calanoida"	"271_Nano"	15880	"RUN4"	"166"	"GenBank"	"Eukaryota(91.20);Metazoa(91.20);Ecdysozoa(91.20);Arthropoda(91.20);Crustacea(91.20);Maxillopoda(91.20);Copepoda(91.20);Calanoida(91.20);Centropagidae(54.75);Centropages(54.75);Centropages hamatus(18.32);"	"Eukaryota;Metazoa;Ecdysozoa;Arthropoda;Crustacea;Maxillopoda;Copepoda;Calanoida;"
"1caad9ef20cb75194ee3dfe52943393c"	"Eukaryota_Metazoa_Ecdysozoa_Arthropoda_Crustacea_Maxillopoda_Copepoda_Calanoida"	"273_Nano"	3104	"RUN4"	"166"	"GenBank"	"Eukaryota(91.25);Metazoa(91.25);Ecdysozoa(91.25);Arthropoda(91.25);Crustacea(91.25);Maxillopoda(91.25);Copepoda(91.25);Calanoida(91.25);Centropagidae(54.90);Centropages(54.90);Centropages hamatus(18.36);"	"Eukaryota;Metazoa;Ecdysozoa;Arthropoda;Crustacea;Maxillopoda;Copepoda;Calanoida;"
"98db3c2d312070d10ea38cb22a2a4dba"	"Eukaryota_Metazoa_Ecdysozoa_Arthropoda_Crustacea_Maxillopoda_Copepoda_Calanoida"	"273_Nano"	2773	"RUN4"	"166"	"GenBank"	"Eukaryota(91.20);Metazoa(91.20);Ecdysozoa(91.20);Arthropoda(91.20);Crustacea(91.20);Maxillopoda(91.20);Copepoda(91.20);Calanoida(91.20);Centropagidae(54.75);Centropages(54.75);Centropages hamatus(18.32);"	"Eukaryota;Metazoa;Ecdysozoa;Arthropoda;Crustacea;Maxillopoda;Copepoda;Calanoida;"
"464f4db03e9945fc160930210e4e5112"	"Eukaryota_Metazoa_Ecdysozoa_Arthropoda_Crustacea_Maxillopoda_Copepoda_Calanoida_Acartiidae_Acartia_Acartia tonsa"	"273_Nano"	751	"RUN4"	"166"	"GenBank"	"Eukaryota(89.32);Metazoa(89.32);Ecdysozoa(89.32);Arthropoda(89.32);Crustacea(89.32);Maxillopoda(89.32);Copepoda(89.32);Calanoida(89.32);Acartiidae(36.39);Acartia(36.39);Acartia tonsa(90.97);"	"Eukaryota;Metazoa;Ecdysozoa;Arthropoda;Crustacea;Maxillopoda;Copepoda;Calanoida;Acartiidae;Acartia;Acartia tonsa;"
"9aaaf723a92ca83651c54fb4a6d8fe7b"	"Eukaryota_Metazoa_Ecdysozoa_Arthropoda_Crustacea_Maxillopoda_Copepoda_Calanoida_Acartiidae_Acartia_Acartia tonsa"	"273_Nano"	512	"RUN4"	"166"	"GenBank"	"Eukaryota(89.32);Metazoa(89.32);Ecdysozoa(89.32);Arthropoda(89.32);Crustacea(89.32);Maxillopoda(89.32);Copepoda(89.32);Calanoida(89.32);Acartiidae(36.39);Acartia(36.39);Acartia tonsa(90.97);"	"Eukaryota;Metazoa;Ecdysozoa;Arthropoda;Crustacea;Maxillopoda;Copepoda;Calanoida;Acartiidae;Acartia;Acartia tonsa;"
"464f4db03e9945fc160930210e4e5112"	"Eukaryota_Metazoa_Ecdysozoa_Arthropoda_Crustacea_Maxillopoda_Copepoda_Calanoida_Acartiidae_Acartia_Acartia tonsa"	"274_Nano"	912	"RUN4"	"166"	"GenBank"	"Eukaryota(89.32);Metazoa(89.32);Ecdysozoa(89.32);Arthropoda(89.32);Crustacea(89.32);Maxillopoda(89.32);Copepoda(89.32);Calanoida(89.32);Acartiidae(36.39);Acartia(36.39);Acartia tonsa(90.97);"	"Eukaryota;Metazoa;Ecdysozoa;Arthropoda;Crustacea;Maxillopoda;Copepoda;Calanoida;Acartiidae;Acartia;Acartia tonsa;"
"9aaaf723a92ca83651c54fb4a6d8fe7b"	"Eukaryota_Metazoa_Ecdysozoa_Arthropoda_Crustacea_Maxillopoda_Copepoda_Calanoida_Acartiidae_Acartia_Acartia tonsa"	"274_Nano"	644	"RUN4"	"166"	"GenBank"	"Eukaryota(89.32);Metazoa(89.32);Ecdysozoa(89.32);Arthropoda(89.32);Crustacea(89.32);Maxillopoda(89.32);Copepoda(89.32);Calanoida(89.32);Acartiidae(36.39);Acartia(36.39);Acartia tonsa(90.97);"	"Eukaryota;Metazoa;Ecdysozoa;Arthropoda;Crustacea;Maxillopoda;Copepoda;Calanoida;Acartiidae;Acartia;Acartia tonsa;"
"db006b1eb3926201c029453c9896c7ae"	"Eukaryota_Metazoa_Platyhelminthes_Trematoda_Digenea_Plagiorchiida"	"274_Nano"	63	"RUN4"	"166"	"GenBank"	"Eukaryota(91.18);Metazoa(91.18);Platyhelminthes(91.18);Trematoda(91.18);Digenea(91.18);Plagiorchiida(72.94);Enenteridae(54.71);unclassified Enenteridae(36.47);Enenterid sp.1 DTJL-2000(18.23);"	"Eukaryota;Metazoa;Platyhelminthes;Trematoda;Digenea;Plagiorchiida;"
"61a48aa04a323c0d27b6a247b9331ffe"	"Eukaryota_Metazoa_Platyhelminthes_Trematoda_Digenea_Plagiorchiida"	"274_Nano"	63	"RUN4"	"166"	"GenBank"	"Eukaryota(91.18);Metazoa(91.18);Platyhelminthes(91.18);Trematoda(91.18);Digenea(91.18);Plagiorchiida(72.94);Enenteridae(54.71);unclassified Enenteridae(36.47);Enenterid sp.1 DTJL-2000(18.23);"	"Eukaryota;Metazoa;Platyhelminthes;Trematoda;Digenea;Plagiorchiida;"
"1caad9ef20cb75194ee3dfe52943393c"	"Eukaryota_Metazoa_Ecdysozoa_Arthropoda_Crustacea_Maxillopoda_Copepoda_Calanoida"	"276_Sulc"	350	"RUN4"	"166"	"GenBank"	"Eukaryota(91.25);Metazoa(91.25);Ecdysozoa(91.25);Arthropoda(91.25);Crustacea(91.25);Maxillopoda(91.25);Copepoda(91.25);Calanoida(91.25);Centropagidae(54.90);Centropages(54.90);Centropages hamatus(18.36);"	"Eukaryota;Metazoa;Ecdysozoa;Arthropoda;Crustacea;Maxillopoda;Copepoda;Calanoida;"
"98db3c2d312070d10ea38cb22a2a4dba"	"Eukaryota_Metazoa_Ecdysozoa_Arthropoda_Crustacea_Maxillopoda_Copepoda_Calanoida"	"276_Sulc"	172	"RUN4"	"166"	"GenBank"	"Eukaryota(91.20);Metazoa(91.20);Ecdysozoa(91.20);Arthropoda(91.20);Crustacea(91.20);Maxillopoda(91.20);Copepoda(91.20);Calanoida(91.20);Centropagidae(54.75);Centropages(54.75);Centropages hamatus(18.32);"	"Eukaryota;Metazoa;Ecdysozoa;Arthropoda;Crustacea;Maxillopoda;Copepoda;Calanoida;"
"9ff22742a4482ef75176a5e772342adf"	"Eukaryota_Metazoa_Ecdysozoa_Arthropoda_Crustacea_Maxillopoda_Copepoda"	"268_Nano"	61	"RUN4"	"179"	"SILVA"	"Eukaryota(90.41);Metazoa(90.41);Ecdysozoa(90.41);Arthropoda(90.41);Crustacea(90.41);Maxillopoda(90.41);Copepoda(90.41);Calanoida(90.41);Centropagidae(36.38);Centropages(36.38);Centropages typicus(45.89);"	"Eukaryota;Metazoa;Ecdysozoa;Arthropoda;Crustacea;Maxillopoda;Copepoda;Calanoida;"
"3e9951ff26cec71fc13b93f97507046c"	"Eukaryota_Metazoa_Ecdysozoa_Arthropoda_Crustacea_Maxillopoda_Copepoda"	"268_Nano"	54	"RUN4"	"179"	"SILVA"	"Eukaryota(90.41);Metazoa(90.41);Ecdysozoa(90.41);Arthropoda(90.41);Crustacea(90.41);Maxillopoda(90.41);Copepoda(90.41);Calanoida(90.41);Centropagidae(36.38);Centropages(36.38);Centropages typicus(45.89);"	"Eukaryota;Metazoa;Ecdysozoa;Arthropoda;Crustacea;Maxillopoda;Copepoda;Calanoida;"
"9ff22742a4482ef75176a5e772342adf"	"Eukaryota_Metazoa_Ecdysozoa_Arthropoda_Crustacea_Maxillopoda_Copepoda"	"269_Nano"	473	"RUN4"	"179"	"SILVA"	"Eukaryota(90.41);Metazoa(90.41);Ecdysozoa(90.41);Arthropoda(90.41);Crustacea(90.41);Maxillopoda(90.41);Copepoda(90.41);Calanoida(90.41);Centropagidae(36.38);Centropages(36.38);Centropages typicus(45.89);"	"Eukaryota;Metazoa;Ecdysozoa;Arthropoda;Crustacea;Maxillopoda;Copepoda;Calanoida;"
"3e9951ff26cec71fc13b93f97507046c"	"Eukaryota_Metazoa_Ecdysozoa_Arthropoda_Crustacea_Maxillopoda_Copepoda"	"269_Nano"	449	"RUN4"	"179"	"SILVA"	"Eukaryota(90.41);Metazoa(90.41);Ecdysozoa(90.41);Arthropoda(90.41);Crustacea(90.41);Maxillopoda(90.41);Copepoda(90.41);Calanoida(90.41);Centropagidae(36.38);Centropages(36.38);Centropages typicus(45.89);"	"Eukaryota;Metazoa;Ecdysozoa;Arthropoda;Crustacea;Maxillopoda;Copepoda;Calanoida;"
"b7dbeb9023053ac9556ddd7dc005c098"	"Eukaryota_Metazoa_Ecdysozoa_Arthropoda_Crustacea_Maxillopoda_Copepoda"	"270_Nano"	1717	"RUN4"	"179"	"SILVA"	"Eukaryota(88.15);Metazoa(70.63);Ecdysozoa(70.63);Arthropoda(70.63);Crustacea(70.63);Maxillopoda(70.63);Copepoda(70.63);Calanoida(70.63);Temoridae(35.75);Temora(35.75);Temora discaudata(91.14);"	"Eukaryota;Metazoa;Ecdysozoa;Arthropoda;Crustacea;Maxillopoda;Copepoda;Calanoida;Temoridae;Temora;Temora discaudata;"
"c00d5a35343eabae1e5e00b890fa0077"	"Eukaryota_Metazoa_Ecdysozoa_Arthropoda_Crustacea_Maxillopoda_Copepoda"	"270_Nano"	1246	"RUN4"	"179"	"SILVA"	"Eukaryota(88.15);Metazoa(70.63);Ecdysozoa(70.63);Arthropoda(70.63);Crustacea(70.63);Maxillopoda(70.63);Copepoda(70.63);Calanoida(70.63);Temoridae(35.75);Temora(35.75);Temora discaudata(91.14);"	"Eukaryota;Metazoa;Ecdysozoa;Arthropoda;Crustacea;Maxillopoda;Copepoda;Calanoida;Temoridae;Temora;Temora discaudata;"
"9ff22742a4482ef75176a5e772342adf"	"Eukaryota_Metazoa_Ecdysozoa_Arthropoda_Crustacea_Maxillopoda_Copepoda"	"271_Nano"	7137	"RUN4"	"179"	"SILVA"	"Eukaryota(90.41);Metazoa(90.41);Ecdysozoa(90.41);Arthropoda(90.41);Crustacea(90.41);Maxillopoda(90.41);Copepoda(90.41);Calanoida(90.41);Centropagidae(36.38);Centropages(36.38);Centropages typicus(45.89);"	"Eukaryota;Metazoa;Ecdysozoa;Arthropoda;Crustacea;Maxillopoda;Copepoda;Calanoida;"
"3e9951ff26cec71fc13b93f97507046c"	"Eukaryota_Metazoa_Ecdysozoa_Arthropoda_Crustacea_Maxillopoda_Copepoda"	"271_Nano"	7158	"RUN4"	"179"	"SILVA"	"Eukaryota(90.41);Metazoa(90.41);Ecdysozoa(90.41);Arthropoda(90.41);Crustacea(90.41);Maxillopoda(90.41);Copepoda(90.41);Calanoida(90.41);Centropagidae(36.38);Centropages(36.38);Centropages typicus(45.89);"	"Eukaryota;Metazoa;Ecdysozoa;Arthropoda;Crustacea;Maxillopoda;Copepoda;Calanoida;"
"9ff22742a4482ef75176a5e772342adf"	"Eukaryota_Metazoa_Ecdysozoa_Arthropoda_Crustacea_Maxillopoda_Copepoda"	"273_Nano"	443	"RUN4"	"179"	"SILVA"	"Eukaryota(90.41);Metazoa(90.41);Ecdysozoa(90.41);Arthropoda(90.41);Crustacea(90.41);Maxillopoda(90.41);Copepoda(90.41);Calanoida(90.41);Centropagidae(36.38);Centropages(36.38);Centropages typicus(45.89);"	"Eukaryota;Metazoa;Ecdysozoa;Arthropoda;Crustacea;Maxillopoda;Copepoda;Calanoida;"
"3e9951ff26cec71fc13b93f97507046c"	"Eukaryota_Metazoa_Ecdysozoa_Arthropoda_Crustacea_Maxillopoda_Copepoda"	"273_Nano"	91	"RUN4"	"179"	"SILVA"	"Eukaryota(90.41);Metazoa(90.41);Ecdysozoa(90.41);Arthropoda(90.41);Crustacea(90.41);Maxillopoda(90.41);Copepoda(90.41);Calanoida(90.41);Centropagidae(36.38);Centropages(36.38);Centropages typicus(45.89);"	"Eukaryota;Metazoa;Ecdysozoa;Arthropoda;Crustacea;Maxillopoda;Copepoda;Calanoida;"
"9ff22742a4482ef75176a5e772342adf"	"Eukaryota_Metazoa_Ecdysozoa_Arthropoda_Crustacea_Maxillopoda_Copepoda"	"276_Sulc"	82	"RUN4"	"179"	"SILVA"	"Eukaryota(90.41);Metazoa(90.41);Ecdysozoa(90.41);Arthropoda(90.41);Crustacea(90.41);Maxillopoda(90.41);Copepoda(90.41);Calanoida(90.41);Centropagidae(36.38);Centropages(36.38);Centropages typicus(45.89);"	"Eukaryota;Metazoa;Ecdysozoa;Arthropoda;Crustacea;Maxillopoda;Copepoda;Calanoida;"
"3e9951ff26cec71fc13b93f97507046c"	"Eukaryota_Metazoa_Ecdysozoa_Arthropoda_Crustacea_Maxillopoda_Copepoda"	"276_Sulc"	59	"RUN4"	"179"	"SILVA"	"Eukaryota(90.41);Metazoa(90.41);Ecdysozoa(90.41);Arthropoda(90.41);Crustacea(90.41);Maxillopoda(90.41);Copepoda(90.41);Calanoida(90.41);Centropagidae(36.38);Centropages(36.38);Centropages typicus(45.89);"	"Eukaryota;Metazoa;Ecdysozoa;Arthropoda;Crustacea;Maxillopoda;Copepoda;Calanoida;"
"9ff22742a4482ef75176a5e772342adf"	"Eukaryota_Metazoa_Ecdysozoa_Arthropoda_Crustacea_Maxillopoda_Copepoda_Calanoida"	"268_Nano"	61	"RUN4"	"179"	"GenBank"	"Eukaryota(90.41);Metazoa(90.41);Ecdysozoa(90.41);Arthropoda(90.41);Crustacea(90.41);Maxillopoda(90.41);Copepoda(90.41);Calanoida(90.41);Centropagidae(36.38);Centropages(36.38);Centropages typicus(45.89);"	"Eukaryota;Metazoa;Ecdysozoa;Arthropoda;Crustacea;Maxillopoda;Copepoda;Calanoida;"
"3e9951ff26cec71fc13b93f97507046c"	"Eukaryota_Metazoa_Ecdysozoa_Arthropoda_Crustacea_Maxillopoda_Copepoda_Calanoida"	"268_Nano"	54	"RUN4"	"179"	"GenBank"	"Eukaryota(90.41);Metazoa(90.41);Ecdysozoa(90.41);Arthropoda(90.41);Crustacea(90.41);Maxillopoda(90.41);Copepoda(90.41);Calanoida(90.41);Centropagidae(36.38);Centropages(36.38);Centropages typicus(45.89);"	"Eukaryota;Metazoa;Ecdysozoa;Arthropoda;Crustacea;Maxillopoda;Copepoda;Calanoida;"
"9ff22742a4482ef75176a5e772342adf"	"Eukaryota_Metazoa_Ecdysozoa_Arthropoda_Crustacea_Maxillopoda_Copepoda_Calanoida"	"269_Nano"	473	"RUN4"	"179"	"GenBank"	"Eukaryota(90.41);Metazoa(90.41);Ecdysozoa(90.41);Arthropoda(90.41);Crustacea(90.41);Maxillopoda(90.41);Copepoda(90.41);Calanoida(90.41);Centropagidae(36.38);Centropages(36.38);Centropages typicus(45.89);"	"Eukaryota;Metazoa;Ecdysozoa;Arthropoda;Crustacea;Maxillopoda;Copepoda;Calanoida;"
"3e9951ff26cec71fc13b93f97507046c"	"Eukaryota_Metazoa_Ecdysozoa_Arthropoda_Crustacea_Maxillopoda_Copepoda_Calanoida"	"269_Nano"	449	"RUN4"	"179"	"GenBank"	"Eukaryota(90.41);Metazoa(90.41);Ecdysozoa(90.41);Arthropoda(90.41);Crustacea(90.41);Maxillopoda(90.41);Copepoda(90.41);Calanoida(90.41);Centropagidae(36.38);Centropages(36.38);Centropages typicus(45.89);"	"Eukaryota;Metazoa;Ecdysozoa;Arthropoda;Crustacea;Maxillopoda;Copepoda;Calanoida;"
"b7dbeb9023053ac9556ddd7dc005c098"	"Eukaryota_Metazoa_Ecdysozoa_Arthropoda_Crustacea_Maxillopoda_Copepoda_Calanoida_Temoridae_Temora_Temora discaudata"	"270_Nano"	1717	"RUN4"	"179"	"GenBank"	"Eukaryota(88.15);Metazoa(70.63);Ecdysozoa(70.63);Arthropoda(70.63);Crustacea(70.63);Maxillopoda(70.63);Copepoda(70.63);Calanoida(70.63);Temoridae(35.75);Temora(35.75);Temora discaudata(91.14);"	"Eukaryota;Metazoa;Ecdysozoa;Arthropoda;Crustacea;Maxillopoda;Copepoda;Calanoida;Temoridae;Temora;Temora discaudata;"
"c00d5a35343eabae1e5e00b890fa0077"	"Eukaryota_Metazoa_Ecdysozoa_Arthropoda_Crustacea_Maxillopoda_Copepoda_Calanoida_Temoridae_Temora_Temora discaudata"	"270_Nano"	1246	"RUN4"	"179"	"GenBank"	"Eukaryota(88.15);Metazoa(70.63);Ecdysozoa(70.63);Arthropoda(70.63);Crustacea(70.63);Maxillopoda(70.63);Copepoda(70.63);Calanoida(70.63);Temoridae(35.75);Temora(35.75);Temora discaudata(91.14);"	"Eukaryota;Metazoa;Ecdysozoa;Arthropoda;Crustacea;Maxillopoda;Copepoda;Calanoida;Temoridae;Temora;Temora discaudata;"
"9ff22742a4482ef75176a5e772342adf"	"Eukaryota_Metazoa_Ecdysozoa_Arthropoda_Crustacea_Maxillopoda_Copepoda_Calanoida"	"271_Nano"	7137	"RUN4"	"179"	"GenBank"	"Eukaryota(90.41);Metazoa(90.41);Ecdysozoa(90.41);Arthropoda(90.41);Crustacea(90.41);Maxillopoda(90.41);Copepoda(90.41);Calanoida(90.41);Centropagidae(36.38);Centropages(36.38);Centropages typicus(45.89);"	"Eukaryota;Metazoa;Ecdysozoa;Arthropoda;Crustacea;Maxillopoda;Copepoda;Calanoida;"
"3e9951ff26cec71fc13b93f97507046c"	"Eukaryota_Metazoa_Ecdysozoa_Arthropoda_Crustacea_Maxillopoda_Copepoda_Calanoida"	"271_Nano"	7158	"RUN4"	"179"	"GenBank"	"Eukaryota(90.41);Metazoa(90.41);Ecdysozoa(90.41);Arthropoda(90.41);Crustacea(90.41);Maxillopoda(90.41);Copepoda(90.41);Calanoida(90.41);Centropagidae(36.38);Centropages(36.38);Centropages typicus(45.89);"	"Eukaryota;Metazoa;Ecdysozoa;Arthropoda;Crustacea;Maxillopoda;Copepoda;Calanoida;"
"9ff22742a4482ef75176a5e772342adf"	"Eukaryota_Metazoa_Ecdysozoa_Arthropoda_Crustacea_Maxillopoda_Copepoda_Calanoida"	"273_Nano"	443	"RUN4"	"179"	"GenBank"	"Eukaryota(90.41);Metazoa(90.41);Ecdysozoa(90.41);Arthropoda(90.41);Crustacea(90.41);Maxillopoda(90.41);Copepoda(90.41);Calanoida(90.41);Centropagidae(36.38);Centropages(36.38);Centropages typicus(45.89);"	"Eukaryota;Metazoa;Ecdysozoa;Arthropoda;Crustacea;Maxillopoda;Copepoda;Calanoida;"
"3e9951ff26cec71fc13b93f97507046c"	"Eukaryota_Metazoa_Ecdysozoa_Arthropoda_Crustacea_Maxillopoda_Copepoda_Calanoida"	"273_Nano"	91	"RUN4"	"179"	"GenBank"	"Eukaryota(90.41);Metazoa(90.41);Ecdysozoa(90.41);Arthropoda(90.41);Crustacea(90.41);Maxillopoda(90.41);Copepoda(90.41);Calanoida(90.41);Centropagidae(36.38);Centropages(36.38);Centropages typicus(45.89);"	"Eukaryota;Metazoa;Ecdysozoa;Arthropoda;Crustacea;Maxillopoda;Copepoda;Calanoida;"
"0ce244c886334e12b17e0e8d33c5af0b"	"Eukaryota_Metazoa_Ecdysozoa_Arthropoda_Crustacea"	"273_Nano"	227	"RUN4"	"179"	"GenBank"	"Eukaryota(90.36);Metazoa(90.36);Ecdysozoa(36.25);Arthropoda(36.25);Crustacea(36.25);Maxillopoda(36.25);Copepoda(36.25);Calanoida(36.25);Acartiidae(36.25);Acartia(36.25);Acartia tonsa(23.02);"	"Eukaryota;Metazoa;"
"dae8df19723ff7468b5fb88af4c029a6"	"Eukaryota_Metazoa_Ecdysozoa_Arthropoda_Crustacea"	"273_Nano"	139	"RUN4"	"179"	"GenBank"	"Eukaryota(90.36);Metazoa(90.36);Ecdysozoa(36.25);Arthropoda(36.25);Crustacea(36.25);Maxillopoda(36.25);Copepoda(36.25);Calanoida(36.25);Acartiidae(36.25);Acartia(36.25);Acartia tonsa(23.02);"	"Eukaryota;Metazoa;"
"9ff22742a4482ef75176a5e772342adf"	"Eukaryota_Metazoa_Ecdysozoa_Arthropoda_Crustacea_Maxillopoda_Copepoda_Calanoida"	"276_Sulc"	82	"RUN4"	"179"	"GenBank"	"Eukaryota(90.41);Metazoa(90.41);Ecdysozoa(90.41);Arthropoda(90.41);Crustacea(90.41);Maxillopoda(90.41);Copepoda(90.41);Calanoida(90.41);Centropagidae(36.38);Centropages(36.38);Centropages typicus(45.89);"	"Eukaryota;Metazoa;Ecdysozoa;Arthropoda;Crustacea;Maxillopoda;Copepoda;Calanoida;"
"3e9951ff26cec71fc13b93f97507046c"	"Eukaryota_Metazoa_Ecdysozoa_Arthropoda_Crustacea_Maxillopoda_Copepoda_Calanoida"	"276_Sulc"	59	"RUN4"	"179"	"GenBank"	"Eukaryota(90.41);Metazoa(90.41);Ecdysozoa(90.41);Arthropoda(90.41);Crustacea(90.41);Maxillopoda(90.41);Copepoda(90.41);Calanoida(90.41);Centropagidae(36.38);Centropages(36.38);Centropages typicus(45.89);"	"Eukaryota;Metazoa;Ecdysozoa;Arthropoda;Crustacea;Maxillopoda;Copepoda;Calanoida;"
"a908ba13285ee98af391186878707ef3"	"Eukaryota_Metazoa_Ecdysozoa_Arthropoda_Crustacea_Maxillopoda_Copepoda_Calanoida"	"270_Nano"	185	"RUN4"	"261"	"SILVA"	"Eukaryota(90.70);Metazoa(90.70);Ecdysozoa(72.63);Arthropoda(72.63);Crustacea(72.63);Maxillopoda(72.63);Copepoda(72.63);Calanoida(72.63);Temoridae(36.43);Temora(36.43);Temora discaudata(45.89);"	"Eukaryota;Metazoa;Ecdysozoa;Arthropoda;Crustacea;Maxillopoda;Copepoda;Calanoida;"
"105c88e51947fa9def3eaefb95bc10f7"	"Eukaryota_Metazoa_Ecdysozoa_Arthropoda_Crustacea_Maxillopoda_Copepoda_Calanoida_Temoridae_Temora_Temora discaudata"	"270_Nano"	163	"RUN4"	"261"	"SILVA"	"Eukaryota(90.50);Metazoa(90.50);Ecdysozoa(72.48);Arthropoda(72.48);Crustacea(72.48);Maxillopoda(72.48);Copepoda(72.48);Calanoida(72.48);Temoridae(36.38);Temora(36.38);Temora discaudata(91.81);"	"Eukaryota;Metazoa;Ecdysozoa;Arthropoda;Crustacea;Maxillopoda;Copepoda;Calanoida;Temoridae;Temora;Temora discaudata;"
"a908ba13285ee98af391186878707ef3"	"Eukaryota_Metazoa_Ecdysozoa_Arthropoda_Crustacea_Maxillopoda_Copepoda_Calanoida"	"273_Nano"	95	"RUN4"	"261"	"SILVA"	"Eukaryota(90.70);Metazoa(90.70);Ecdysozoa(72.63);Arthropoda(72.63);Crustacea(72.63);Maxillopoda(72.63);Copepoda(72.63);Calanoida(72.63);Temoridae(36.43);Temora(36.43);Temora discaudata(45.89);"	"Eukaryota;Metazoa;Ecdysozoa;Arthropoda;Crustacea;Maxillopoda;Copepoda;Calanoida;"
"105c88e51947fa9def3eaefb95bc10f7"	"Eukaryota_Metazoa_Ecdysozoa_Arthropoda_Crustacea_Maxillopoda_Copepoda_Calanoida_Temoridae_Temora_Temora discaudata"	"273_Nano"	71	"RUN4"	"261"	"SILVA"	"Eukaryota(90.50);Metazoa(90.50);Ecdysozoa(72.48);Arthropoda(72.48);Crustacea(72.48);Maxillopoda(72.48);Copepoda(72.48);Calanoida(72.48);Temoridae(36.38);Temora(36.38);Temora discaudata(91.81);"	"Eukaryota;Metazoa;Ecdysozoa;Arthropoda;Crustacea;Maxillopoda;Copepoda;Calanoida;Temoridae;Temora;Temora discaudata;"
"a908ba13285ee98af391186878707ef3"	"Eukaryota_Metazoa_Ecdysozoa_Arthropoda_Crustacea_Maxillopoda_Copepoda_Calanoida_Temoridae_Temora_Temora discaudata"	"270_Nano"	185	"RUN4"	"261"	"GenBank"	"Eukaryota(90.70);Metazoa(90.70);Ecdysozoa(72.63);Arthropoda(72.63);Crustacea(72.63);Maxillopoda(72.63);Copepoda(72.63);Calanoida(72.63);Temoridae(36.43);Temora(36.43);Temora discaudata(45.89);"	"Eukaryota;Metazoa;Ecdysozoa;Arthropoda;Crustacea;Maxillopoda;Copepoda;Calanoida;"
"105c88e51947fa9def3eaefb95bc10f7"	"Eukaryota_Metazoa_Ecdysozoa_Arthropoda_Crustacea_Maxillopoda_Copepoda_Calanoida_Temoridae_Temora_Temora discaudata"	"270_Nano"	163	"RUN4"	"261"	"GenBank"	"Eukaryota(90.50);Metazoa(90.50);Ecdysozoa(72.48);Arthropoda(72.48);Crustacea(72.48);Maxillopoda(72.48);Copepoda(72.48);Calanoida(72.48);Temoridae(36.38);Temora(36.38);Temora discaudata(91.81);"	"Eukaryota;Metazoa;Ecdysozoa;Arthropoda;Crustacea;Maxillopoda;Copepoda;Calanoida;Temoridae;Temora;Temora discaudata;"
"236f01e2b96b27077ae0bfc9558d049d"	"Eukaryota_Metazoa_Ecdysozoa_Arthropoda_Crustacea_Maxillopoda_Copepoda_Calanoida_Centropagidae_Centropages_Centropages typicus"	"271_Nano"	1274	"RUN4"	"261"	"GenBank"	"Eukaryota(90.30);Metazoa(54.63);Ecdysozoa(54.63);Arthropoda(54.63);Crustacea(54.63);Maxillopoda(54.63);Copepoda(54.63);Calanoida(54.63);Centropagidae(54.63);Centropages(54.63);Centropages typicus(45.90);"	"Eukaryota;"
"99517db718278833eb87d3162970f7ef"	"Eukaryota_Metazoa_Ecdysozoa_Arthropoda_Crustacea_Maxillopoda_Copepoda_Calanoida"	"271_Nano"	1215	"RUN4"	"261"	"GenBank"	"Eukaryota(90.56);Metazoa(54.78);Ecdysozoa(54.78);Arthropoda(54.78);Crustacea(54.78);Maxillopoda(54.78);Copepoda(54.78);Calanoida(54.78);Centropagidae(54.78);Centropages(54.78);Centropages typicus(30.68);"	"Eukaryota;"
"99517db718278833eb87d3162970f7ef"	"Eukaryota_Metazoa_Ecdysozoa_Arthropoda_Crustacea_Maxillopoda_Copepoda_Calanoida"	"273_Nano"	25	"RUN4"	"261"	"GenBank"	"Eukaryota(90.56);Metazoa(54.78);Ecdysozoa(54.78);Arthropoda(54.78);Crustacea(54.78);Maxillopoda(54.78);Copepoda(54.78);Calanoida(54.78);Centropagidae(54.78);Centropages(54.78);Centropages typicus(30.68);"	"Eukaryota;"
"a908ba13285ee98af391186878707ef3"	"Eukaryota_Metazoa_Ecdysozoa_Arthropoda_Crustacea_Maxillopoda_Copepoda_Calanoida_Temoridae_Temora_Temora discaudata"	"273_Nano"	95	"RUN4"	"261"	"GenBank"	"Eukaryota(90.70);Metazoa(90.70);Ecdysozoa(72.63);Arthropoda(72.63);Crustacea(72.63);Maxillopoda(72.63);Copepoda(72.63);Calanoida(72.63);Temoridae(36.43);Temora(36.43);Temora discaudata(45.89);"	"Eukaryota;Metazoa;Ecdysozoa;Arthropoda;Crustacea;Maxillopoda;Copepoda;Calanoida;"
"105c88e51947fa9def3eaefb95bc10f7"	"Eukaryota_Metazoa_Ecdysozoa_Arthropoda_Crustacea_Maxillopoda_Copepoda_Calanoida_Temoridae_Temora_Temora discaudata"	"273_Nano"	71	"RUN4"	"261"	"GenBank"	"Eukaryota(90.50);Metazoa(90.50);Ecdysozoa(72.48);Arthropoda(72.48);Crustacea(72.48);Maxillopoda(72.48);Copepoda(72.48);Calanoida(72.48);Temoridae(36.38);Temora(36.38);Temora discaudata(91.81);"	"Eukaryota;Metazoa;Ecdysozoa;Arthropoda;Crustacea;Maxillopoda;Copepoda;Calanoida;Temoridae;Temora;Temora discaudata;"
"4217e1b6ee7195b23bc6460d41273c56"	"Eukaryota_Metazoa_Ecdysozoa_Arthropoda_Crustacea_Maxillopoda_Copepoda_Calanoida_Acartiidae_Acartia_Acartia tonsa"	"273_Nano"	80	"RUN4"	"261"	"GenBank"	"Eukaryota(89.62);Metazoa(53.80);Ecdysozoa(53.80);Arthropoda(53.80);Crustacea(53.80);Maxillopoda(53.80);Copepoda(53.80);Calanoida(53.80);Acartiidae(53.80);Acartia(53.80);Acartia tonsa(45.99);"	"Eukaryota;"
"2ddaefee4aff84466a8b5a9016705136"	"Eukaryota_Metazoa_Ecdysozoa_Arthropoda_Crustacea_Maxillopoda_Copepoda_Calanoida_Acartiidae_Acartia_Acartia tonsa"	"273_Nano"	82	"RUN4"	"261"	"GenBank"	"Eukaryota(89.62);Metazoa(53.80);Ecdysozoa(53.80);Arthropoda(53.80);Crustacea(53.80);Maxillopoda(53.80);Copepoda(53.80);Calanoida(53.80);Acartiidae(53.80);Acartia(53.80);Acartia tonsa(45.99);"	"Eukaryota;"
"4217e1b6ee7195b23bc6460d41273c56"	"Eukaryota_Metazoa_Ecdysozoa_Arthropoda_Crustacea_Maxillopoda_Copepoda_Calanoida_Acartiidae_Acartia_Acartia tonsa"	"274_Nano"	49	"RUN4"	"261"	"GenBank"	"Eukaryota(89.62);Metazoa(53.80);Ecdysozoa(53.80);Arthropoda(53.80);Crustacea(53.80);Maxillopoda(53.80);Copepoda(53.80);Calanoida(53.80);Acartiidae(53.80);Acartia(53.80);Acartia tonsa(45.99);"	"Eukaryota;"
"08cc1a9e6695de6562ccbbcca9786901"	"Eukaryota_Metazoa_Ecdysozoa_Arthropoda_Crustacea_Maxillopoda_Copepoda_Calanoida"	"268_Nano"	618	"RUN4"	"272"	"SILVA"	"Eukaryota(91.30);Metazoa(91.30);Ecdysozoa(91.30);Arthropoda(91.30);Crustacea(91.30);Maxillopoda(91.30);Copepoda(91.30);Calanoida(91.30);Centropagidae(54.99);Centropages(54.99);Centropages typicus(23.06);"	"Eukaryota;Metazoa;Ecdysozoa;Arthropoda;Crustacea;Maxillopoda;Copepoda;Calanoida;"
"08cc1a9e6695de6562ccbbcca9786901"	"Eukaryota_Metazoa_Ecdysozoa_Arthropoda_Crustacea_Maxillopoda_Copepoda_Calanoida"	"269_Nano"	501	"RUN4"	"272"	"SILVA"	"Eukaryota(91.30);Metazoa(91.30);Ecdysozoa(91.30);Arthropoda(91.30);Crustacea(91.30);Maxillopoda(91.30);Copepoda(91.30);Calanoida(91.30);Centropagidae(54.99);Centropages(54.99);Centropages typicus(23.06);"	"Eukaryota;Metazoa;Ecdysozoa;Arthropoda;Crustacea;Maxillopoda;Copepoda;Calanoida;"
"08cc1a9e6695de6562ccbbcca9786901"	"Eukaryota_Metazoa_Ecdysozoa_Arthropoda_Crustacea_Maxillopoda_Copepoda_Calanoida"	"270_Nano"	1377	"RUN4"	"272"	"SILVA"	"Eukaryota(91.30);Metazoa(91.30);Ecdysozoa(91.30);Arthropoda(91.30);Crustacea(91.30);Maxillopoda(91.30);Copepoda(91.30);Calanoida(91.30);Centropagidae(54.99);Centropages(54.99);Centropages typicus(23.06);"	"Eukaryota;Metazoa;Ecdysozoa;Arthropoda;Crustacea;Maxillopoda;Copepoda;Calanoida;"
"08cc1a9e6695de6562ccbbcca9786901"	"Eukaryota_Metazoa_Ecdysozoa_Arthropoda_Crustacea_Maxillopoda_Copepoda_Calanoida"	"271_Nano"	18906	"RUN4"	"272"	"SILVA"	"Eukaryota(91.30);Metazoa(91.30);Ecdysozoa(91.30);Arthropoda(91.30);Crustacea(91.30);Maxillopoda(91.30);Copepoda(91.30);Calanoida(91.30);Centropagidae(54.99);Centropages(54.99);Centropages typicus(23.06);"	"Eukaryota;Metazoa;Ecdysozoa;Arthropoda;Crustacea;Maxillopoda;Copepoda;Calanoida;"
"08cc1a9e6695de6562ccbbcca9786901"	"Eukaryota_Metazoa_Ecdysozoa_Arthropoda_Crustacea_Maxillopoda_Copepoda_Calanoida"	"273_Nano"	1799	"RUN4"	"272"	"SILVA"	"Eukaryota(91.30);Metazoa(91.30);Ecdysozoa(91.30);Arthropoda(91.30);Crustacea(91.30);Maxillopoda(91.30);Copepoda(91.30);Calanoida(91.30);Centropagidae(54.99);Centropages(54.99);Centropages typicus(23.06);"	"Eukaryota;Metazoa;Ecdysozoa;Arthropoda;Crustacea;Maxillopoda;Copepoda;Calanoida;"
"59849360a105961529b8dd850aa49a87"	"Eukaryota_Metazoa_Platyhelminthes_Trematoda_Digenea"	"274_Nano"	45	"RUN4"	"272"	"SILVA"	"Eukaryota(91.90);Metazoa(91.90);Platyhelminthes(91.90);Trematoda(91.90);Digenea(91.90);Echinostomida(55.13);Echinostomata(55.13);Echinostomatoidea(18.40);Fasciolidae(18.40);Fasciola(18.40);Fasciola gigantica(18.40);"	"Eukaryota;Metazoa;Platyhelminthes;Trematoda;Digenea;"
"08cc1a9e6695de6562ccbbcca9786901"	"Eukaryota_Metazoa_Ecdysozoa_Arthropoda_Crustacea_Maxillopoda_Copepoda_Calanoida"	"276_Sulc"	183	"RUN4"	"272"	"SILVA"	"Eukaryota(91.30);Metazoa(91.30);Ecdysozoa(91.30);Arthropoda(91.30);Crustacea(91.30);Maxillopoda(91.30);Copepoda(91.30);Calanoida(91.30);Centropagidae(54.99);Centropages(54.99);Centropages typicus(23.06);"	"Eukaryota;Metazoa;Ecdysozoa;Arthropoda;Crustacea;Maxillopoda;Copepoda;Calanoida;"
"08cc1a9e6695de6562ccbbcca9786901"	"Eukaryota_Metazoa_Ecdysozoa_Arthropoda_Crustacea_Maxillopoda_Copepoda_Calanoida"	"268_Nano"	618	"RUN4"	"272"	"GenBank"	"Eukaryota(91.30);Metazoa(91.30);Ecdysozoa(91.30);Arthropoda(91.30);Crustacea(91.30);Maxillopoda(91.30);Copepoda(91.30);Calanoida(91.30);Centropagidae(54.99);Centropages(54.99);Centropages typicus(23.06);"	"Eukaryota;Metazoa;Ecdysozoa;Arthropoda;Crustacea;Maxillopoda;Copepoda;Calanoida;"
"08cc1a9e6695de6562ccbbcca9786901"	"Eukaryota_Metazoa_Ecdysozoa_Arthropoda_Crustacea_Maxillopoda_Copepoda_Calanoida"	"269_Nano"	501	"RUN4"	"272"	"GenBank"	"Eukaryota(91.30);Metazoa(91.30);Ecdysozoa(91.30);Arthropoda(91.30);Crustacea(91.30);Maxillopoda(91.30);Copepoda(91.30);Calanoida(91.30);Centropagidae(54.99);Centropages(54.99);Centropages typicus(23.06);"	"Eukaryota;Metazoa;Ecdysozoa;Arthropoda;Crustacea;Maxillopoda;Copepoda;Calanoida;"
"08cc1a9e6695de6562ccbbcca9786901"	"Eukaryota_Metazoa_Ecdysozoa_Arthropoda_Crustacea_Maxillopoda_Copepoda_Calanoida"	"270_Nano"	1377	"RUN4"	"272"	"GenBank"	"Eukaryota(91.30);Metazoa(91.30);Ecdysozoa(91.30);Arthropoda(91.30);Crustacea(91.30);Maxillopoda(91.30);Copepoda(91.30);Calanoida(91.30);Centropagidae(54.99);Centropages(54.99);Centropages typicus(23.06);"	"Eukaryota;Metazoa;Ecdysozoa;Arthropoda;Crustacea;Maxillopoda;Copepoda;Calanoida;"
"08cc1a9e6695de6562ccbbcca9786901"	"Eukaryota_Metazoa_Ecdysozoa_Arthropoda_Crustacea_Maxillopoda_Copepoda_Calanoida"	"271_Nano"	18906	"RUN4"	"272"	"GenBank"	"Eukaryota(91.30);Metazoa(91.30);Ecdysozoa(91.30);Arthropoda(91.30);Crustacea(91.30);Maxillopoda(91.30);Copepoda(91.30);Calanoida(91.30);Centropagidae(54.99);Centropages(54.99);Centropages typicus(23.06);"	"Eukaryota;Metazoa;Ecdysozoa;Arthropoda;Crustacea;Maxillopoda;Copepoda;Calanoida;"
"08cc1a9e6695de6562ccbbcca9786901"	"Eukaryota_Metazoa_Ecdysozoa_Arthropoda_Crustacea_Maxillopoda_Copepoda_Calanoida"	"273_Nano"	1799	"RUN4"	"272"	"GenBank"	"Eukaryota(91.30);Metazoa(91.30);Ecdysozoa(91.30);Arthropoda(91.30);Crustacea(91.30);Maxillopoda(91.30);Copepoda(91.30);Calanoida(91.30);Centropagidae(54.99);Centropages(54.99);Centropages typicus(23.06);"	"Eukaryota;Metazoa;Ecdysozoa;Arthropoda;Crustacea;Maxillopoda;Copepoda;Calanoida;"
"59849360a105961529b8dd850aa49a87"	"Eukaryota_Metazoa_Platyhelminthes_Trematoda_Digenea"	"274_Nano"	45	"RUN4"	"272"	"GenBank"	"Eukaryota(91.90);Metazoa(91.90);Platyhelminthes(91.90);Trematoda(91.90);Digenea(91.90);Echinostomida(55.13);Echinostomata(55.13);Echinostomatoidea(18.40);Fasciolidae(18.40);Fasciola(18.40);Fasciola gigantica(18.40);"	"Eukaryota;Metazoa;Platyhelminthes;Trematoda;Digenea;"
"08cc1a9e6695de6562ccbbcca9786901"	"Eukaryota_Metazoa_Ecdysozoa_Arthropoda_Crustacea_Maxillopoda_Copepoda_Calanoida"	"276_Sulc"	183	"RUN4"	"272"	"GenBank"	"Eukaryota(91.30);Metazoa(91.30);Ecdysozoa(91.30);Arthropoda(91.30);Crustacea(91.30);Maxillopoda(91.30);Copepoda(91.30);Calanoida(91.30);Centropagidae(54.99);Centropages(54.99);Centropages typicus(23.06);"	"Eukaryota;Metazoa;Ecdysozoa;Arthropoda;Crustacea;Maxillopoda;Copepoda;Calanoida;"
